Weapon ID,Name,Distance,Score
1,P2000,17.121225236673254,1222.9366876291945%
2,USP-S,14.344717070542938,187.51333574689892%
3,Glock-18,16.565025477404085,493.09924795344824%
4,P250,12.903219077658333,1170.9449998253165%
5,Five-SeveN,18.37472296783183,3384.9397303811106%
6,Tec-9,14.383738857875972,3702.671902289799%
7,CZ75-Auto,9.336401991099457,730.5912682633821%
8,Dual Berettas,7.391056011245475,818.2346992952988%
9,Desert Eagle,21.150111664457146,459.65888332696096%
10,R8 Revolver,33.88065014700117,2419.5703220230243%
11,Nova,15.034176925984339,4122.733683537392%
12,XM1014,7.941498307658966,1301.5800531640778%
13,MAG-7,13.229676225316952,1290.810246100279%
14,Sawed-Off,10.680961030343514,2265.7472357597208%
15,MP9,18.178019115924688,8807.527822898059%
16,MAC-10,7.696645980431159,949.379412154904%
17,PP-Bizon,18.413691114766916,6428.889890306303%
18,MP7,18.690051570778657,2286.647097637943%
19,UMP-45,12.20269066693196,1370.5960691477032%
20,P90,17.033139572885,2368.2214369024596%
22,FAMAS,10.945368347760105,863.590382161866%
23,Galil AR,10.274597612308956,3053.408438012552%
24,M4A4,18.40458431065785,252.80124707827153%
25,M4A1-S,37.80366208603679,391.22810044651465%
26,AK-47,26.07528505273122,192.59202407721412%
27,AUG,16.393852849428928,2801.6595092834373%
28,SG 553,10.14357973918375,1792.2019340005586%
29,SSG 08,28.092861227386553,1931.1405224119633%
30,AWP,81.10070104945427,153.4552532149889%
31,SCAR-20,15.84482853282573,1825.6764180435116%
32,G3SG1,15.093165201501884,9146.030500291545%
33,M249,9.81866119553047,1184.443554277803%
34,Negev,11.203923339470226,2947.511890421363%
36,MP5-SD,13.712393399352955,3101.09281150716%
,
,
Weapon ID,Weapon Name,Skin Name,Prediction,Average,Distance,Score
10,R8 Revolver,Fade,242.29776000976562,12.687503768844236,229.6102562409214,1909.7354721955498%
19,UMP-45,Fade,247.02658081054688,312.8347882562278,65.80820744568092,78.96391005217086%
3,Glock-18,Moonrise,6.785552501678467,1.7113844552394168,5.07416804643905,396.4949243815114%
15,MP9,Mount Fuji,12.382943153381348,6.857654247391966,5.525288905989382,180.57112106651783%
15,MP9,Pandora's Box,18.969133377075195,36.956580454096695,17.9874470770215,51.32816170759229%
28,SG 553,Lush Ruins,2.1694400310516357,0.4481859259259259,1.72125410512571,484.049120143543%
1,P2000,Space Race,15.288414001464844,4.909094654788419,10.379319346676425,311.430417960107%
19,UMP-45,Moonrise,11.676115989685059,1.1665444031391978,10.50957158654586,1000.9148351545266%
9,Desert Eagle,Hypnotic,1.5978513956069946,40.97778578732104,39.379934391714045,3.8993112119332394%
4,P250,Digital Architect,42.07593536376953,36.05362483130904,6.022310532460494,116.70375880549662%
3,Glock-18,High Beam,0.6388938426971436,0.2584330827067658,0.38046075999037776,247.21828800149095%
3,Glock-18,Twilight Galaxy,41.58330154418945,50.481201910408416,8.897900366218963,82.37383416105955%
27,AUG,Ricochet,8.472482681274414,1.1738770421324163,7.298605639141998,721.7521407424115%
12,XM1014,Charter,0.5427871942520142,0.33022665716322136,0.2125605370887928,164.36807340593654%
30,AWP,Man-o'-war,21.25957679748535,21.570863708820397,0.3112869113350456,98.55691030485832%
30,AWP,PAW,2.711832046508789,4.800627545353559,2.08879549884477,56.489115660170775%
1,P2000,Panther Camo,15.31222915649414,1.8564958609271527,13.455733295566988,824.7919900476944%
27,AUG,Midnight Lily,64.43074798583984,128.6546772046589,64.22392921881905,50.08037747694621%
9,Desert Eagle,Bronze Deco,13.623723030090332,0.6015095541401253,13.022213475950206,2264.922134040884%
17,PP-Bizon,Carbon Fiber,22.3725528717041,6.125991155334445,16.246561716369655,365.20707105857196%
1,P2000,Chainmail,19.74065399169922,27.22448113501714,7.483827143317921,72.51067116319825%
18,MP7,Motherboard,12.631448745727539,0.19874200827378896,12.43270673745375,6355.701472195215%
27,AUG,Random Access,9.6973876953125,4.4508820852296145,5.2465056100828855,217.8756369999909%
5,Five-SeveN,Copper Galaxy,42.5012092590332,4.5914248981670065,37.9097843608662,925.6649123456333%
30,AWP,Graphite,26.134641647338867,86.52014893617012,60.38550728883125,30.206422398347456%
9,Desert Eagle,Meteorite,3.2669517993927,1.1572322263797945,2.1097195730129057,282.30736449613113%
5,Five-SeveN,Silver Quartz,0.8328928351402283,0.7047559375706799,0.12813689756954838,118.18174076138203%
7,CZ75-Auto,Polymer,1.616312026977539,0.28854271197205456,1.3277693150054846,560.1638717300472%
9,Desert Eagle,Cobalt Disruption,10.620882987976074,32.74824793814433,22.127364950168257,32.431912107289065%
4,P250,Steel Disruption,8.924372673034668,0.9320875634517752,7.992285109582893,957.460760444574%
7,CZ75-Auto,Tread Plate,3.7199225425720215,3.3455203208556186,0.3744022217164029,111.19115072721033%
3,Glock-18,Dragon Tattoo,14.148788452148438,30.35092006033181,16.20213160818337,46.6173296362132%
2,USP-S,Serum,21.254667282104492,23.977728342246,2.7230610601415073,88.64337346193139%
3,Glock-18,Gamma Doppler,59.94939041137695,48.93393520000007,11.015455211376882,122.51087137454842%
22,FAMAS,Neural Net,1.5811952352523804,1.361668798665183,0.2195264365871974,116.12186728537768%
6,Tec-9,Titanium Bit,0.6592951416969299,3.4398448046771093,2.7805496629801794,19.166421136223804%
7,CZ75-Auto,The Fuschia Is Now,39.937828063964844,20.87632062780268,19.061507436162163,191.30683407293722%
32,G3SG1,Murky,6.1332526206970215,0.4038689252985295,5.729383695398492,1518.62454289185%
3,Glock-18,Gamma Doppler,59.94939041137695,48.93393520000007,11.015455211376882,122.51087137454842%
3,Glock-18,Gamma Doppler,59.94939041137695,48.93393520000007,11.015455211376882,122.51087137454842%
3,Glock-18,Gamma Doppler,59.94939041137695,48.93393520000007,11.015455211376882,122.51087137454842%
3,Glock-18,Gamma Doppler,59.94939041137695,48.93393520000007,11.015455211376882,122.51087137454842%
16,MAC-10,Gold Brick,47.5496711730957,54.86401964452757,7.31434847143187,86.66822351183406%
7,CZ75-Auto,Twist,4.738167762756348,1.0190177765237007,3.719149986232647,464.97400456744094%
8,Dual Berettas,Heist,7.743738174438477,0.38699133858267737,7.356746835855799,2001.010721014908%
9,Desert Eagle,Night Heist,7.883035659790039,11.240786188579015,3.3577505287889764,70.12886400952493%
18,MP7,Vault Heist,3.7524704933166504,1.5823417412530516,2.170128752063599,237.1466539424714%
27,AUG,Surveillance,43.063446044921875,0.34696133333333257,42.71648471158854,12411.59803924029%
2,USP-S,Target Acquired,29.794893264770508,174.25487462686584,144.45998136209533,17.098456114109112%
29,SSG 08,Threat Detected,42.78485107421875,8.743165282392017,34.04168579182674,489.3519645612072%
27,AUG,Carved Jade,72.16073608398438,15.158692307692304,57.00204377629207,476.035363864245%
20,P90,Astral JÃ¶rmungandr,137.06687927246094,145.67052030947787,8.603641037016928,94.0937665227402%
9,Desert Eagle,Emerald JÃ¶rmungandr,132.61666870117188,196.68224318936893,64.06557448819706,67.42686403748525%
27,AUG,Flame JÃ¶rmungandr,140.279541015625,141.64936732673272,1.3698263111077154,99.03294569050348%
24,M4A4,Daybreak,76.26693725585938,91.00539009287915,14.738452837019778,83.8048572485895%
16,MAC-10,Copper Borre,34.26998519897461,44.79503962900509,10.52505443003048,76.50397339259092%
12,XM1014,Frost Borre,32.434173583984375,46.657103843008976,14.2229302590246,69.51604560179801%
30,AWP,Lightning Strike,118.14129638671875,205.23122355081875,87.0899271641,57.564972007032324%
2,USP-S,Orange Anolis,41.91044616699219,50.98542312276518,9.07497695577299,82.20084016185996%
25,M4A1-S,Atomic Alloy,5.58076810836792,29.770710702341123,24.189942593973203,18.745834334176838%
25,M4A1-S,Blue Phosphor,322.3553771972656,415.63950337837866,93.28412618111304,77.55648213827463%
16,MAC-10,Aloha,10.057693481445312,1.5018399498537405,8.555853531591572,669.6914329935623%
16,MAC-10,Lapis Gator,7.527585983276367,0.43111002585464026,7.096475957421727,1746.0939277284367%
16,MAC-10,Malachite,4.467419147491455,1.7724314624932518,2.6949876849982033,252.05031856110284%
16,MAC-10,Oceanic,7.587588787078857,0.21858766666667073,7.369001120412187,3471.1879690126084%
13,MAG-7,Sonar,1.813550591468811,0.31436489607390317,1.4991856953949079,576.893480830146%
25,M4A1-S,Knight,282.1502990722656,343.91803091624564,61.767731843980016,82.0399844464618%
15,MP9,Dark Age,23.997589111328125,27.599684859697803,3.6020957483696776,86.94877942744337%
15,MP9,Music Box,5.553827285766602,8.369383295194504,2.815556009427903,66.35885930753672%
12,XM1014,Elegant Vines,26.577892303466797,44.192157419354835,17.61426511588804,60.14164923259999%
15,MP9,Bioleak,6.112886428833008,0.30286666666666506,5.810019762166343,2018.3424264251726%
15,MP9,Ruby Poison Dart,11.241143226623535,1.4377718733225973,9.803371353300937,781.8447025706508%
32,G3SG1,Violet Murano,13.737447738647461,14.70136086309522,0.9639131244477586,93.44337484519907%
13,MAG-7,Navy Sheen,1.2576074600219727,0.24281605351170552,1.0147914065102672,517.9259945271068%
34,Negev,Man-o'-war,0.7662649154663086,0.11009833971902996,0.6561665757472787,695.9822622410203%
7,CZ75-Auto,Poison Dart,10.098062515258789,2.6996692677070824,7.398393247551707,374.048133823274%
11,Nova,Gila,12.053796768188477,0.9537425130208318,11.100054255167645,1263.8418235137638%
3,Glock-18,Reactor,1.8801162242889404,8.096977777777749,6.216861553488808,23.219975105389835%
22,FAMAS,Meltdown,8.805447578430176,23.593124593716144,14.787677015285968,37.3220916265387%
12,XM1014,Bone Machine,7.7345194816589355,2.977563496583145,4.756955985075791,259.7600182341891%
22,FAMAS,Styx,11.725784301757812,6.717322281539762,5.00846202021805,174.56039490589987%
16,MAC-10,Nuclear Garden,9.570326805114746,4.671745269697821,4.898581535416925,204.85549302506763%
3,Glock-18,Nuclear Garden,3.6039440631866455,12.999736456211812,9.395792393025166,27.72320866139199%
9,Desert Eagle,The Bronze,14.56106185913086,1.7576602959309486,12.80340156319991,828.4343620232123%
22,FAMAS,Prime Conspiracy,24.459394454956055,39.571695211786334,15.11230075683028,61.810327619401264%
1,P2000,Dispatch,16.017911911010742,8.218745516652438,7.799166394358304,194.89485200090448%
6,Tec-9,Ossified,2.7002017498016357,0.7403916666666657,1.95981008313497,364.6991006744141%
18,MP7,Ocean Foam,2.2089662551879883,1.9553154489080609,0.2536508062799274,112.97237263795863%
1,P2000,Ocean Foam,46.023033142089844,64.47066949849271,18.447636356402867,71.38600157264668%
8,Dual Berettas,Hemoglobin,2.380549192428589,4.505122811405703,2.124573618977114,52.84093890629815%
11,Nova,Caged Steel,7.188595771789551,0.12274549707602243,7.065850274713529,5856.504672702815%
1,P2000,Imperial,0.4791088402271271,0.39049632852869054,0.08861251169843654,122.6922778076583%
4,P250,Undertow,28.090579986572266,22.96764403570465,5.122935950867614,122.3050128385118%
4,P250,Ripple,4.527824401855469,0.2305237166991525,4.2973006851563165,1964.1468854870823%
10,R8 Revolver,Phoenix Marker,10.535828590393066,1.6916863189720333,8.844142271421033,622.8003662520157%
4,P250,Dark Filigree,35.85053253173828,3.5537564668769686,32.29677606486131,1008.8066772691272%
16,MAC-10,Red Filigree,40.16144561767578,62.4166590106007,22.255213392924922,64.34411302094021%
7,CZ75-Auto,Chalice,40.53607940673828,80.96327806788501,40.42719866114673,50.067240820894284%
9,Desert Eagle,Golden Koi,18.554473876953125,28.072226782965675,9.51775290601255,66.0954829853827%
1,P2000,Scorpion,0.30485013127326965,3.812256660963088,3.5074065296898183,7.996579411740225%
9,Desert Eagle,Midnight Storm,0.7705302238464355,12.172803689824171,11.402273465977736,6.329932228271772%
9,Desert Eagle,Sunset Storm å£±,34.868011474609375,82.00489813800652,47.13688666339715,42.5194253835055%
9,Desert Eagle,Sunset Storm å¼,36.706302642822266,79.2583714075167,42.55206876469444,46.312209033531964%
20,P90,Cold Blooded,6.519432067871094,25.38790360501568,18.868471537144586,25.67928478577925%
15,MP9,Stained Glass,10.564619064331055,67.23526151560169,56.67064245127064,15.71291436396001%
6,Tec-9,Re-Entry,15.389837265014648,1.3036343261574783,14.08620293885717,1180.533294975202%
6,Tec-9,Ice Cap,6.985785961151123,0.3960639701663819,6.589721990984741,1763.8024378275243%
15,MP9,Rose Iron,14.670961380004883,4.511841293909527,10.159120086095356,325.16572335576194%
30,AWP,Silk Tiger,132.87698364257812,346.4114018036073,213.53441816102918,38.358143799755965%
20,P90,Tiger Pit,128.88572692871094,8.082490392648287,120.80323653606266,1594.6288911885806%
17,PP-Bizon,Cobalt Halftone,8.318259239196777,1.056282440476191,7.261976798720586,787.5033154434299%
19,UMP-45,Oscillator,7.694432258605957,0.4564064139941694,7.238025844611788,1685.8729462781505%
19,UMP-45,Grand Prix,6.026663303375244,0.310259354838707,5.716403948536537,1942.4598193044965%
13,MAG-7,Metallic DDPAT,9.188758850097656,0.15254502369668463,9.03621382640097,6023.6372366812%
11,Nova,Baroque Orange,33.009525299072266,64.03364606265883,31.024120763586566,51.55028227936835%
20,P90,Baroque Red,37.738338470458984,14.915517450682854,22.82282101977613,253.01394065099143%
12,XM1014,Zombie Offensive,8.673428535461426,1.28089800137835,7.392530534083075,677.1365499929045%
2,USP-S,Dark Water,19.739011764526367,25.082942849820594,5.343931085294226,78.69495968917998%
22,FAMAS,Sergeant,6.334780693054199,2.233044674475619,4.10173601857858,283.68356287102864%
25,M4A1-S,Hot Rod,130.4569091796875,243.74979158383047,113.29288240414297,53.520829015691994%
20,P90,Module,13.723487854003906,1.054878915962209,12.668608938041697,1300.9538484789991%
5,Five-SeveN,Fowl Play,17.12165641784668,5.37925944584383,11.742396972002851,318.29021429846375%
26,AK-47,Cartel,11.692026138305664,12.668376637858934,0.9763504995532699,92.29301016646848%
30,AWP,Worm God,14.302469253540039,2.2022077922077914,12.100261461332249,649.4604779870162%
12,XM1014,Blue Steel,7.967153549194336,0.27941802338913035,7.687735525805206,2851.338454319717%
3,Glock-18,Brass,1.0254851579666138,23.746991009889133,22.72150585192252,4.318379358208219%
14,Sawed-Off,Copper,6.073955059051514,31.009457891012033,24.93550283196052,19.58742742423764%
28,SG 553,Damascus Steel,3.6383373737335205,1.3975563891577896,2.240780984575731,260.33564026179255%
9,Desert Eagle,Corinthian,3.155074119567871,0.9501455284552854,2.2049285911125858,332.0621973243703%
9,Desert Eagle,Naga,6.598342418670654,4.083095840359755,2.515246578310899,161.60145822316247%
9,Desert Eagle,Kumicho Dragon,1.455361247062683,22.079476036269398,20.624114789206715,6.591466412844209%
9,Desert Eagle,Directive,10.466764450073242,7.856328581610844,2.610435868462398,133.22717273527223%
8,Dual Berettas,Cartel,0.9544893503189087,0.7726588310038126,0.18183051931509608,123.53309274662246%
9,Desert Eagle,Heirloom,10.839987754821777,7.647099099099113,3.1928886557226646,141.7529394394642%
7,CZ75-Auto,Victoria,0.576866090297699,10.80376193058569,10.226895840287991,5.3394927989349545%
16,MAC-10,Graven,16.793598175048828,13.621070336391437,3.172527838657391,123.29132557359566%
22,FAMAS,Valence,1.3173705339431763,4.704040770465485,3.386670236522309,28.005083251283487%
22,FAMAS,Djinn,9.877899169921875,7.345992894655544,2.531906275266331,134.46649502082118%
5,Five-SeveN,Scumbria,1.5943529605865479,0.33476217105263156,1.2595907895339162,476.2643746673164%
8,Dual Berettas,Stained,2.2810378074645996,0.25953849721706806,2.0214993102475316,878.8822590572476%
3,Glock-18,Bunsen Burner,0.2142249345779419,0.9645178277564435,0.7502928931785016,22.210572828523933%
3,Glock-18,Grinder,5.53316593170166,1.4101828923709239,4.1229830393307365,392.37222076909563%
3,Glock-18,Ironwork,6.880660057067871,0.8461705128205114,6.03448954424736,813.1528991872809%
9,Desert Eagle,Hand Cannon,22.14661407470703,92.30977126577118,70.16315719106414,23.991624907123004%
29,SSG 08,Abyss,20.90245819091797,2.2505448136958717,18.651913377222098,928.7732492023432%
25,M4A1-S,Basilisk,17.269832611083984,5.693369826435238,11.576462784648747,303.33235214929044%
16,MAC-10,Carnivore,5.492269515991211,0.3606753875968988,5.131594128394312,1522.7735811375987%
13,MAG-7,SWAG-7,12.667581558227539,1.6565722092115562,11.011009349015982,764.6863497883174%
18,MP7,Armor Core,0.03528652340173721,0.206467101827678,0.17118057842594078,17.09062755730844%
11,Nova,Exo,1.1591166257858276,0.28095288264559404,0.8781637431402336,412.56619788734713%
33,M249,Magma,17.74477195739746,0.6640075268817202,17.080764430515742,2672.3751221209186%
26,AK-47,Case Hardened,81.62509155273438,140.3386958144497,58.71360426171532,58.16292582671273%
1,P2000,Acid Etched,1.0746506452560425,2.1689735062006714,1.094322860944629,49.546508621881564%
1,P2000,Handgun,4.521475315093994,2.6886275045537342,1.83284781054026,168.1703883277234%
1,P2000,Gnarled,8.026771545410156,0.3025721703011442,7.724199375109012,2652.845282307777%
4,P250,Cartel,2.3153297901153564,9.56362481579724,7.248295025681884,24.20975137262687%
4,P250,Valence,6.942194938659668,0.5916524374176549,6.350542501242013,1173.3569405984015%
4,P250,Verdigris,3.902750015258789,0.5048762029746282,3.397873812284161,773.0112832144944%
9,Desert Eagle,Pilot,38.97024154663086,57.8364411764706,18.86619962983974,67.38008209689946%
14,Sawed-Off,Morris,6.398075103759766,0.26866097750193924,6.129414126257826,2381.467961313281%
14,Sawed-Off,Highwayman,3.9295694828033447,1.4017509750975106,2.527818507705834,280.33292308071987%
14,Sawed-Off,Zander,2.0831167697906494,0.34747583201267823,1.7356409377779711,599.4997573571228%
14,Sawed-Off,Rust Coat,4.1338653564453125,1.781399671951884,2.3524656844934286,232.05715267230437%
17,PP-Bizon,Rust Coat,4.912467956542969,9.457008704061897,4.544540747518928,51.945262083062325%
13,MAG-7,Rust Coat,4.273162841796875,0.09268868640850375,4.180474155388371,4610.2313101772825%
6,Tec-9,Cut Out,7.341031074523926,3.1877118040089067,4.153319270515019,230.29155475384417%
19,UMP-45,Metal Flowers,7.253769874572754,1.5251210482529112,5.7286488263198425,475.61928824484096%
2,USP-S,Stainless,14.827330589294434,11.478758484609289,3.348572104685145,129.1719013791858%
12,XM1014,Teclu Burner,7.658733367919922,2.2034181708784613,5.455315197041461,347.5841975500515%
12,XM1014,XOXO,11.1891450881958,10.172134710743794,1.0170103774520065,109.99800343164785%
12,XM1014,Scumbria,6.8018646240234375,0.5417345927531725,6.260130031270265,1255.5714024934962%
12,XM1014,Quicksilver,26.75109100341797,0.30847517539125685,26.44261582802671,8672.040130778114%
12,XM1014,Ziggy,0.3065797984600067,1.1497850267379666,0.8432052282779599,26.664097316504325%
12,XM1014,Seasons,0.16885195672512054,1.6852010152284265,1.516349058503306,10.019692321525982%
26,AK-47,Phantom Disruptor,19.931476593017578,13.944849206349193,5.986627386668385,142.930743087151%
26,AK-47,Neon Revolution,43.611717224121094,57.226597637248105,13.614880413127011,76.20882426135142%
26,AK-47,Legion of Anubis,20.76226234436035,34.12848119122262,13.366218846862267,60.835588399111415%
26,AK-47,Asiimov,176.5904083251953,185.37837867247,8.787970347274694,95.25944157554564%
26,AK-47,Uncharted,3.858599901199341,1.4845118047218888,2.3740880964774522,259.9238274108718%
26,AK-47,Redline,30.004213333129883,48.22172016567423,18.217506832544345,62.22136669958084%
26,AK-47,Ice Coaled,29.506006240844727,35.18436914378028,5.678362902935554,83.86112060235888%
26,AK-47,Aquamarine Revenge,40.57815933227539,60.84661305147068,20.268453719195293,66.68926551088386%
26,AK-47,Elite Build,3.567800998687744,4.998729436656969,1.430928437969225,71.3741570512727%
26,AK-47,Nightwish,119.67527770996094,148.96083716075165,29.285559450790714,80.34009474638822%
26,AK-47,Point Disarray,25.428091049194336,31.332698988697196,5.90460793950286,81.155125060778%
26,AK-47,Vulcan,162.91793823242188,248.52138196915777,85.6034437367359,65.55489790920302%
26,AK-47,Frontside Misty,46.72556686401367,43.49030339195982,3.235263472053852,107.43904553365789%
26,AK-47,Head Shot,148.16696166992188,173.10340104166673,24.936439371744854,85.59448328473769%
26,AK-47,Wild Lotus,1263.7431640625,1329.8332222222223,66.09005815972228,95.03019949755186%
26,AK-47,Panthera onca,480.249267578125,420.682977869986,59.56628970813898,114.15942475489184%
26,AK-47,Neon Rider,97.2035903930664,114.43678216867471,17.233191775608304,84.94086302583435%
26,AK-47,X-Ray,1738.5789794921875,1735.2203000000004,3.3586794921870933,100.19355925539755%
27,AUG,Akihabara Accept,609.621826171875,694.2896923076923,84.66786613581735,87.80510972957171%
27,AUG,Chameleon,12.803153038024902,4.916841509433958,7.886311528590944,260.39385270929426%
27,AUG,Momentum,24.084917068481445,25.71164596633779,1.6267288978563457,93.67318257265174%
27,AUG,Triqua,7.824018955230713,0.6232252727912682,7.2007936824394445,1255.4078431686369%
27,AUG,Torque,17.656675338745117,3.7093974703982715,13.947277868346845,475.9984735970974%
27,AUG,Fleet Flock,10.10294246673584,9.998400833622792,0.10454163311304754,101.04558353733421%
27,AUG,Arctic Wolf,3.3369030952453613,5.802216901408458,2.4653138061630964,57.51082994562553%
30,AWP,Asiimov,69.69172668457031,81.75057521472407,12.058848530153753,85.24921873824096%
30,AWP,Chromatic Aberration,38.82728958129883,45.6329114391144,6.805621857815574,85.086154612563%
30,AWP,Redline,27.75275421142578,33.86598116524362,6.113226953817836,81.9487676320691%
30,AWP,Oni Taiji,203.7075653076172,249.92342968392103,46.21586437630384,81.50799049342706%
30,AWP,Hyper Beast,58.48048782348633,75.51006206267112,17.029574239184797,77.44727818518975%
30,AWP,Elite Build,23.712385177612305,19.379551747088204,4.332833430524101,122.35775877104646%
30,AWP,Neo-Noir,45.3388671875,47.552088118022425,2.213220930522425,95.34569139208084%
30,AWP,Fever Dream,30.57625961303711,11.868476252439807,18.707783360597304,257.6258229168343%
30,AWP,Capillary,1.8717941045761108,2.286132992327364,0.41433888775125327,81.87599369145005%
30,AWP,Atheris,18.806461334228516,13.649403959561896,5.1570573746666195,137.78228990764038%
30,AWP,Containment Breach,248.35260009765625,254.06856628621614,5.715966188559889,97.75022692806449%
30,AWP,Wildfire,127.18621063232422,136.9984013197361,9.812190687411885,92.83773343857384%
4,P250,Supernova,1.57182776927948,1.0089817340477383,0.5628460352317417,155.78357033023468%
17,PP-Bizon,Osiris,4.6841206550598145,0.9645795566502477,3.7195410984095667,485.6126819986353%
17,PP-Bizon,High Roller,13.664016723632812,9.630389391447375,4.0336273321854375,141.88436384272944%
17,PP-Bizon,Antique,8.540971755981445,3.2696817558299043,5.2712900001515415,261.2172190994653%
17,PP-Bizon,Photic Zone,3.7432122230529785,1.1928696219035204,2.550342601149458,313.7989394917905%
17,PP-Bizon,Judgement of Anubis,7.497957706451416,10.024207121855607,2.526249415404191,74.79851139651481%
17,PP-Bizon,Fuel Rod,4.718197345733643,2.8628580382325297,1.8553393075011129,164.80724097121356%
17,PP-Bizon,Night Riot,2.8501832485198975,0.28421525169046186,2.5659679968294355,1002.8255808115551%
17,PP-Bizon,Embargo,10.823518753051758,3.7083779580797853,7.115140794971973,291.86665640349736%
17,PP-Bizon,Space Cat,3.669649600982666,1.3705093555093508,2.299140245473315,267.7580847026643%
31,SCAR-20,Blueprint,0.22563490271568298,0.2760457627118623,0.050410859996179336,81.73822358258823%
34,Negev,Bratatat,4.832487106323242,3.2287684830633245,1.6037186232599177,149.6696691531867%
22,FAMAS,Afterimage,7.879522323608398,19.877832043565498,11.9983097199571,39.63974696203864%
20,P90,Leather,5.639169216156006,4.823859591539021,0.8153096246169849,116.90160356340027%
24,M4A4,Bullet Rain,29.349163055419922,30.516620739456922,1.1674576840370001,96.17435464429546%
7,CZ75-Auto,Tigris,2.1530990600585938,1.6300675138999223,0.5230315461586714,132.08649590883036%
20,P90,Death by Kitty,33.33530044555664,40.3271386486486,6.991838203091959,82.66220109487917%
23,Galil AR,Cerberus,26.04692268371582,31.93905842431389,5.892135740598071,81.5519428834739%
32,G3SG1,Chronos,23.705078125,63.70267592592598,39.99759780092598,37.212060216378454%
24,M4A4,Global Offensive,1.3366717100143433,10.32214617169374,8.985474461679397,12.949552232459924%
7,CZ75-Auto,Yellow Jacket,7.062023639678955,9.029550064599484,1.9675264249205284,78.21013881262753%
7,CZ75-Auto,Distressed,6.432234287261963,0.3205901060070674,6.111644181254896,2006.373299343232%
7,CZ75-Auto,Eco,8.944241523742676,2.81140044444444,6.132841079298236,318.14185493984814%
7,CZ75-Auto,Pole Position,6.027065277099609,1.2070223687983952,4.820042908301215,499.33335395429526%
7,CZ75-Auto,Circaetus,1.2941862344741821,0.5775694356372837,0.7166167988368984,224.07457088621587%
9,Desert Eagle,Conspiracy,34.404876708984375,5.935306730769236,28.46956997821514,579.6646790068319%
9,Desert Eagle,Ocean Drive,91.42951202392578,107.56352179836509,16.134009774439306,85.00048203638816%
9,Desert Eagle,Blue Ply,7.429008960723877,1.2271174447174413,6.201891516006436,605.403255630067%
9,Desert Eagle,Printstream,112.27137756347656,138.9889174816627,26.717539918186134,80.77721562101448%
9,Desert Eagle,Trigger Discipline,0.24488572776317596,4.031346470588238,3.786460742825062,6.074539351797347%
9,Desert Eagle,Oxide Blaze,7.199209213256836,0.5657578294573663,6.6334513837994695,1272.489542064631%
20,P90,Emerald Dragon,31.872360229492188,67.04194273594908,35.16958250645689,47.540925767954604%
8,Dual Berettas,Dualing Dragons,5.948634147644043,1.440421930870085,4.508212216773958,412.9785877427441%
8,Dual Berettas,Flora Carnivora,6.023980140686035,3.091379962192816,2.932600178493219,194.86378945191296%
8,Dual Berettas,Twin Turbo,16.043188095092773,15.045866273353003,0.9973218217397708,106.62854370509778%
8,Dual Berettas,Melondrama,14.26164436340332,11.558445895522407,2.703198467880913,123.38721392404577%
8,Dual Berettas,Urban Shock,0.5347802042961121,1.5557486750348701,1.020968470738758,34.37445989045278%
22,FAMAS,Waters of Nephthys,213.66343688964844,235.00468686868695,21.34124997903851,90.9187981467947%
22,FAMAS,Survivor Z,3.546666145324707,0.52588628944505,3.020779855879657,674.4169255805059%
22,FAMAS,Decommissioned,5.877333164215088,0.5310200720535257,5.346313092161562,1106.80056621714%
22,FAMAS,Eye of Athena,11.606645584106445,10.601896344285068,1.0047492398213773,109.47707096158308%
22,FAMAS,Pulse,0.17526504397392273,3.9347343594836133,3.7594693155096905,4.454304356061388%
22,FAMAS,ZX Spectron,3.4927477836608887,6.106707939508511,2.6139601558476224,57.19526491620618%
30,AWP,Corticera,26.04129409790039,20.40298721590908,5.638306881991312,127.63471261499828%
1,P2000,Corticera,22.349863052368164,6.711172255095332,15.638690797272833,333.02472657290906%
26,AK-47,Fire Serpent,574.34619140625,620.2141327683614,45.867941362111424,92.60449916589658%
5,Five-SeveN,Scrawl,2.488964796066284,0.4007153846153828,2.088249411450901,621.1303313086564%
5,Five-SeveN,Triumvirate,1.6164249181747437,2.026510484927915,0.41008556675317154,79.76395534081045%
5,Five-SeveN,Monkey Business,9.59437370300293,9.043547831253719,0.5508258717492112,106.09081614900742%
5,Five-SeveN,Buddy,9.243980407714844,1.387564524421594,7.85641588329325,666.2018410688465%
5,Five-SeveN,Hyper Beast,62.457698822021484,70.23553944954129,7.777840627519808,88.92606123840257%
5,Five-SeveN,Retrobution,10.035122871398926,3.339332817337458,6.695790054061468,300.5128096036922%
5,Five-SeveN,Urban Hazard,4.104160308837891,0.7035889935547872,3.4005713152831034,583.3178668844977%
5,Five-SeveN,Capillary,0.9298906922340393,0.3024515491100839,0.6274391431239554,307.4511256332118%
5,Five-SeveN,Angry Mob,17.86865234375,12.991077664974622,4.877574678775378,137.5455740051948%
5,Five-SeveN,Violent Daimyo,1.99025297164917,0.5441339699074063,1.4461190017417636,365.76524931678966%
5,Five-SeveN,Fairy Tale,29.467525482177734,30.77330939716311,1.3057839149853763,95.7567647400778%
32,G3SG1,Black Sand,3.095057964324951,1.0716968959220938,2.023361068402857,288.79975075993354%
32,G3SG1,The Executioner,15.01156234741211,15.987505526468864,0.9759431790567543,93.89558816764138%
32,G3SG1,Dream Glade,10.504530906677246,1.5140106470106456,8.990520259666601,693.8214686546643%
32,G3SG1,Keeping Tabs,8.827518463134766,0.8650920770877957,7.96242638604697,1020.4137451878302%
23,Galil AR,Rocket Pop,6.302737712860107,4.004593264248713,2.298144448611394,157.38771198384214%
23,Galil AR,Chatterbox,20.90692138671875,28.2424687179487,7.33554733122995,74.0265364034269%
23,Galil AR,Black Sand,11.89168643951416,0.47834295190713116,11.41334348760703,2486.016861354925%
23,Galil AR,Sugar Rush,21.21837615966797,30.87624167378311,9.65786551411514,68.72072185418993%
23,Galil AR,Chromatic Aberration,7.243978023529053,11.08884087481146,3.8448628512824072,65.32673798200048%
23,Galil AR,Destroyer,2.744755744934082,0.30383397982932286,2.440921765104759,903.3735286869277%
23,Galil AR,Eco,9.936263084411621,14.076048221820379,4.139785137408758,70.5898624942805%
3,Glock-18,Water Elemental,14.005499839782715,10.19069331322273,3.814806526559984,137.434219726838%
3,Glock-18,Oxide Blaze,4.0273284912109375,0.37577971602433907,3.6515487751865985,1071.7258860640816%
3,Glock-18,Bullet Queen,52.0908088684082,70.5416840324763,18.450875164068094,73.84401093178667%
3,Glock-18,Weasel,11.468563079833984,2.857920192307692,8.610642887526293,401.2905297601552%
3,Glock-18,Catacombs,6.097158432006836,0.360059652655426,5.73709877935141,1693.3745247601414%
3,Glock-18,Vogue,10.049449920654297,11.626171581769436,1.5767216611151387,86.43816969304378%
3,Glock-18,Sacrifice,3.9265518188476562,1.3742844356041763,2.55226738324348,285.7160946541192%
3,Glock-18,Off World,2.247955560684204,0.7908140265177969,1.4571415341664071,284.25843312145844%
3,Glock-18,Umbral Rabbit,1.5438119173049927,2.612793666026877,1.0689817487218845,59.08663731769441%
3,Glock-18,Neo-Noir,50.0236930847168,58.36661889250816,8.34292580779136,85.70599776705201%
3,Glock-18,Ramese's Reach,24.227622985839844,26.26600399999998,2.0383810141601373,92.23947040379595%
3,Glock-18,Snack Attack,16.910690307617188,16.977820151679328,0.06712984406214062,99.60460269067286%
3,Glock-18,Wasteland Rebel,3.1521172523498535,10.234842944785306,7.082725692435453,30.797905442758843%
26,AK-47,First Class,40.6700439453125,40.57234046932892,0.09770347598357887,100.24081301412089%
14,Sawed-Off,First Class,23.190919876098633,9.75060300751881,13.440316868579822,237.84087874581527%
20,P90,Run and Hide,326.9454650878906,346.36151603498547,19.416050947094845,94.39428168309159%
2,USP-S,Caiman,16.65577507019043,19.492693083169993,2.836918012979563,85.4462490078964%
16,MAC-10,Tatter,15.754792213439941,3.2746333427203567,12.480158870719585,481.11622171268385%
19,UMP-45,Minotaur's Labyrinth,13.203692436218262,30.190891729323347,16.987199293105085,43.73402599232927%
12,XM1014,Red Leather,13.53167724609375,11.920954734062612,1.6107225120311384,113.51169053120135%
16,MAC-10,Commuter,0.44544684886932373,4.170461726883037,3.725014878013713,10.68099596737569%
1,P2000,Coach Class,1.0240981578826904,3.9587066486972198,2.9346084908145293,25.869513676132417%
28,SG 553,Traveler,8.41208267211914,4.609663005100037,3.8024196670191035,182.48801838251916%
2,USP-S,Business Class,4.050121307373047,23.471127659574464,19.421006352201417,17.255759357266758%
33,M249,Deep Relief,0.2606276869773865,0.6495613886536828,0.3889337016762964,40.12364212681698%
33,M249,Downtown,11.467514991760254,2.303341894060986,9.164173097699267,497.86421292160225%
33,M249,Submerged,3.6615045070648193,0.13939736842105258,3.522107138643767,2626.6668793955782%
33,M249,System Lock,5.151860237121582,0.5050998317442525,4.6467604053773295,1019.9687098153946%
33,M249,Spectre,11.4986572265625,0.23928065078442903,11.25937657577807,4805.510679140449%
25,M4A1-S,Guardian,36.96237564086914,15.711030125095734,21.25134551577341,235.26385823567324%
25,M4A1-S,Master Piece,134.23104858398438,159.05887218045123,24.827823596466857,84.39079615232035%
25,M4A1-S,Player Two,101.60707092285156,107.53543125419172,5.9283603313401585,94.4870632291168%
25,M4A1-S,Cyrex,18.194446563720703,25.694006169665755,7.499559605945052,70.81202691233489%
25,M4A1-S,Emphorosaur-S,13.324564933776855,5.060300851466414,8.264264082310442,263.31566689193113%
25,M4A1-S,Briefing,12.853569030761719,7.196225881441303,5.657343149320416,178.61541928402238%
25,M4A1-S,Nightmare,33.210445404052734,32.98993330388689,0.22051210016584122,100.66842238853468%
25,M4A1-S,Printstream,424.84814453125,354.55093838028216,70.29720615096784,119.82711044909684%
25,M4A1-S,Chantico's Fire,67.37655639648438,86.29842633587776,18.92186993939339,78.0739107967641%
25,M4A1-S,Flashback,18.6080265045166,3.59057312,15.017453384516601,518.2466944028312%
25,M4A1-S,Hyper Beast,56.47583770751953,77.25244246404016,20.776604756520626,73.10556910068982%
25,M4A1-S,Welcome to the Jungle,1606.2025146484375,1790.05,183.84748535156245,89.72947764858175%
24,M4A4,é¾çŽ‹ (Dragon King),20.985395431518555,21.071232597623055,0.08583716610450054,99.59263338911562%
24,M4A4,Cyber Security,32.41487121582031,36.768767814251426,4.353896598431113,88.1587095318882%
24,M4A4,Desolate Space,27.4671573638916,29.392036262659186,1.9248788987675844,93.45101890333122%
24,M4A4,Poly Mag,2.301276683807373,0.6646174863387977,1.6366591974685754,346.2558134731752%
24,M4A4,Evil Daimyo,13.150466918945312,4.915648103951203,8.23481881499411,267.52254516296546%
24,M4A4,Griffin,6.150920867919922,6.116655096418721,0.03426577150120114,100.5602044084726%
24,M4A4,Hellfire,30.58167266845703,43.126031274742665,12.544358606285634,70.91232780876732%
24,M4A4,In Living Color,49.831703186035156,60.58773267326733,10.756029487232176,82.24718270076811%
24,M4A4,Neo-Noir,75.24005126953125,82.09329257465694,6.853241305125692,91.65188642069235%
24,M4A4,Tooth Fairy,14.387873649597168,11.634535771920412,2.7533378776767563,123.66521476793129%
24,M4A4,Temukau,248.52296447753906,296.68991127541597,48.1669467978769,83.76522255481625%
24,M4A4,Asiimov,88.688720703125,91.1275400687649,2.438819365639901,97.32372961697466%
16,MAC-10,Rangeen,7.418582439422607,0.36534553191489444,7.053236907507713,2030.5660782381572%
16,MAC-10,Curse,5.1346821784973145,3.949629979936941,1.1850521985603732,130.00413214858403%
16,MAC-10,Allure,4.254114627838135,1.9137926763597197,2.340321951478415,222.28712025014167%
16,MAC-10,Monkeyflage,7.316347122192383,0.3494006938421504,6.966946428350233,2093.9704045057524%
16,MAC-10,Disco Tech,13.41534423828125,17.368900124843982,3.9535558865627323,77.2377303217509%
16,MAC-10,Neon Rider,3.6358718872070312,9.72647476163772,6.090602874430688,37.38118872777327%
16,MAC-10,Ensnared,3.51409912109375,0.51535257301808,2.99874654807567,681.8825218071562%
16,MAC-10,Button Masher,7.2197794914245605,1.3222216748768403,5.89755781654772,546.033969084424%
16,MAC-10,Propaganda,23.643678665161133,22.869973981900436,0.7737046832606964,103.38305886955979%
16,MAC-10,Heat,8.34720516204834,2.8838361747469388,5.463368987301401,289.4479663977729%
16,MAC-10,Sakkaku,0.3965774178504944,1.8261102803738265,1.4295328625233321,21.717057404074758%
16,MAC-10,Echoing Sands,4.828826904296875,0.7990864197530869,4.0297404845437885,604.2934512375964%
16,MAC-10,Toybox,22.643169403076172,12.070330836454433,10.572838566621739,187.59361039790215%
13,MAG-7,Heaven Guard,0.691506564617157,0.28148896882494107,0.4100175957922159,245.6602713434242%
13,MAG-7,Insomnia,1.9366905689239502,0.4407043650793649,1.4959862038445852,439.45345732511146%
13,MAG-7,Monster Call,5.694961071014404,2.112297237569062,3.5826638334453422,269.60983377360526%
13,MAG-7,Cobalt Core,3.2386953830718994,0.36233022335312565,2.8763651597187736,893.8518440719419%
13,MAG-7,Foresight,6.405986785888672,0.2413825966850829,6.1646041892035885,2653.8726792496027%
13,MAG-7,Heat,12.553061485290527,1.957676945244956,10.595384540045572,641.222317899842%
13,MAG-7,Petroglyph,11.34178638458252,0.9830536585365872,10.358732726045933,1153.7301434253704%
30,AWP,Dragon Lore,1331.8212890625,1283.4723901098896,48.3488989526104,103.7670384906738%
30,AWP,Medusa,311.3148498535156,1230.1208333333334,918.8059834798178,25.307664208070257%
4,P250,Franklin,15.52239990234375,1.7883773629489634,13.734022539394786,867.9599856233882%
3,Glock-18,Franklin,16.25994873046875,40.77666319165996,24.516714461191206,39.87562359882942%
36,MP5-SD,Liquidation,1.4455074071884155,0.49091586073501065,0.9545915464534049,294.4511519803349%
36,MP5-SD,Desert Strike,9.914718627929688,0.3178151870463424,9.596903440883345,3119.6491017542116%
18,MP7,Urban Hazard,18.447254180908203,0.19585634554719933,18.251397835361004,9418.767683716742%
18,MP7,Special Delivery,1.0319161415100098,2.3472533250850542,1.3153371835750445,43.96270868942608%
18,MP7,Abyssal Apparition,10.006254196166992,11.303317880794696,1.2970636846277035,88.52492959760492%
18,MP7,Guerrilla,6.70349645614624,0.9335760517799346,5.769920404366306,718.0450316142437%
18,MP7,Nemesis,1.8611531257629395,7.678081572769942,5.816928447007003,24.239819649265726%
18,MP7,Mischief,1.8438689708709717,0.45172245084590684,1.392146520025065,408.18625849082684%
18,MP7,Neon Ply,10.568445205688477,3.7402236671001274,6.828221538588349,282.5618504757073%
15,MP9,Black Sand,9.286845207214355,0.3017039448487173,8.985141262365637,3078.131846062217%
15,MP9,Dart,8.696863174438477,0.5192167370644144,8.177646437374062,1674.996692828016%
15,MP9,Deadly Poison,12.522411346435547,1.0611597417181353,11.461251604717411,1180.0684528570953%
15,MP9,Food Chain,25.09148597717285,11.05396815769522,14.037517819477632,226.99075679628598%
15,MP9,Goo,7.195181846618652,1.126619459833793,6.068562386784859,638.6523669385346%
15,MP9,Hydra,13.713499069213867,13.0891651487553,0.6243339204585681,104.76985287727032%
15,MP9,Wild Lily,457.34698486328125,502.3580437017994,45.011058838518125,91.04004416713654%
15,MP9,Airlock,0.5917506814002991,7.356525508383867,6.764774826983568,8.043888119818387%
15,MP9,Featherweight,4.4264678955078125,0.47403853564547244,3.95242935986234,933.7780713292713%
15,MP9,Capillary,3.6016337871551514,0.38765942591155833,3.213974361243593,929.0716403157543%
34,Negev,Loudmouth,7.664185523986816,3.492636542239687,4.171548981747129,219.43839364035523%
34,Negev,Drop Me,6.69843053817749,0.3336903729401558,6.364740165237334,2007.3790200051083%
34,Negev,dev_texture,4.813576698303223,1.2525123123123068,3.5610643859909157,384.31372298582124%
34,Negev,Power Loader,4.570582389831543,5.515897249446726,0.9453148596151832,82.86199294756618%
34,Negev,Prototype,5.320034503936768,0.25093196598299095,5.069102537953777,2120.110318785522%
34,Negev,Desert-Strike,1.8483322858810425,0.18302448876546448,1.665307797115578,1009.8825017069578%
34,Negev,Ultralight,3.326511859893799,0.25757251908396933,3.0689393408098296,1291.4855481183329%
11,Nova,Antique,1.200415849685669,6.786665718717691,5.586249869032022,17.687858801928467%
11,Nova,Plume,0.48567667603492737,0.857441917639827,0.37176524160489965,56.64251607523326%
11,Nova,Hyper Beast,7.484518051147461,14.501519854401048,7.017001803253587,51.61195603146379%
11,Nova,Koi,2.7840964794158936,0.958365817825661,1.8257306615902325,290.50456805027204%
11,Nova,Clear Polymer,1.1546179056167603,3.7643004219409337,2.6096825163241735,30.67284159592716%
11,Nova,Ranger,4.879063606262207,0.40900030376670726,4.470063302495499,1192.9242011138488%
11,Nova,Toy Soldier,2.77490234375,2.340757207207215,0.4341451365427851,118.5472092195657%
1,P2000,Wicked Sick,11.450396537780762,24.740417910447718,13.290021372666956,46.2821468061998%
1,P2000,Fire Elemental,6.825879096984863,14.916030072992681,8.090150976007818,45.76203630310429%
1,P2000,Woodsman,5.6783061027526855,4.9830157977883065,0.695290304964379,113.95320290320936%
1,P2000,Ivory,1.3401936292648315,0.35029150119142216,0.9899021280734094,382.59381820755686%
1,P2000,Obsidian,0.18075193464756012,4.429031826861873,4.248279892214313,4.081071026658874%
1,P2000,Pulse,24.043027877807617,0.7895351018220791,23.25349277598554,3045.2132935345653%
1,P2000,Urban Hazard,1.5447053909301758,0.2905785575048734,1.2541268334253024,531.5964826152973%
4,P250,Asiimov,20.567922592163086,18.300519774011267,2.267402818151819,112.38982742649625%
4,P250,Red Rock,3.8169078826904297,5.112443552701975,1.295535670011545,74.65916920829684%
4,P250,Cassette,2.6887927055358887,0.26289733266230564,2.4258953728735833,1022.7538934332479%
4,P250,See Ya Later,16.785219192504883,14.124631172839484,2.660588019665399,118.83651323074187%
4,P250,Contaminant,15.344253540039062,0.6056858529819691,14.738567687057094,2533.3683236111265%
4,P250,Muertos,31.12343406677246,6.005332309410768,25.118101757361693,518.2633110577395%
4,P250,Re.built,1.071527123451233,0.41788603696098475,0.6536410864902482,256.41611077598037%
4,P250,Mehndi,13.387263298034668,12.453757861635234,0.9335054363994342,107.49577313748142%
1,P2000,Lifted Spirits,11.919029235839844,0.29426477187733685,11.624764463962507,4050.4438094303196%
20,P90,Asiimov,17.48079490661621,30.711342809364563,13.230547902748352,56.91966976216335%
20,P90,Grim,0.7587847709655762,0.9430916741809429,0.1843069032153667,80.45715933443759%
20,P90,Elite Build,1.5653966665267944,1.2049141485456092,0.36048251798118525,129.91769317476317%
20,P90,Nostalgia,13.986709594726562,9.963903958090809,4.022805636635754,140.37378976710417%
20,P90,Off World,6.096236705780029,0.5251600523331863,5.571076653446843,1160.8340502472738%
20,P90,ScaraB Rush,20.660266876220703,24.44255468749998,3.7822878112792786,84.52580812588482%
20,P90,Desert Warfare,1.5281305313110352,1.7891803735712302,0.261049842260195,85.40952907173155%
20,P90,Shapewood,10.175708770751953,8.651767123287678,1.5239416474642749,117.61422407408921%
20,P90,Trigon,5.802481174468994,6.279245183425705,0.4767640089567111,92.40730382347313%
26,AK-47,Jaguar,56.677886962890625,66.44217058404553,9.764283621154902,85.30408694459545%
26,AK-47,Emerald Pinstripe,31.35989761352539,9.370386804331408,21.98951080919398,334.67025714487534%
24,M4A4,Poseidon,268.88531494140625,427.4439494241362,158.55863448272993,62.90539737517765%
10,R8 Revolver,Reboot,0.3372761905193329,2.841210543989255,2.5039343534699223,11.870862271465947%
10,R8 Revolver,Survivalist,14.446792602539062,0.32312700476809664,14.123665597770966,4470.933221105214%
8,Dual Berettas,Retribution,8.923478126525879,1.6104967880085646,7.312981338517314,554.0823299349806%
10,R8 Revolver,Skull Crusher,1.690356969833374,1.9053429844097967,0.21498601457642263,88.71667640233198%
23,Galil AR,Sandstorm,19.518367767333984,1.491562069844509,18.026805697489475,1308.5856875784405%
14,Sawed-Off,Apocalypto,2.661450147628784,1.9711321610890546,0.6903179865397295,135.0213953263452%
14,Sawed-Off,Black Sand,3.4858651161193848,0.2607927272727277,3.225072388846657,1336.6419963368044%
14,Sawed-Off,Serenity,7.592274188995361,1.5170808425846876,6.075193346410674,500.45284179188627%
14,Sawed-Off,Devourer,5.6072893142700195,10.365954941860467,4.758665627590448,54.09332131694209%
14,Sawed-Off,Kissâ™¥Love,19.725238800048828,17.574390736342036,2.1508480637067926,112.23853558268202%
14,Sawed-Off,The Kraken,6.620815277099609,6.3372295125164655,0.2835857645831439,104.47491705993987%
14,Sawed-Off,Origami,5.547523021697998,0.21428766046633718,5.333235361231661,2588.8205646677766%
14,Sawed-Off,Spirit Board,0.5816951394081116,0.2913453608247426,0.29034977858336897,199.65828107282871%
14,Sawed-Off,Limelight,5.963039398193359,1.897677309782609,4.06536208841075,314.2283130779734%
31,SCAR-20,Cardiac,6.161252498626709,9.607503749147925,3.4462512505212164,64.1295872424004%
31,SCAR-20,Assault,1.1505465507507324,0.22479959616355372,0.9257469545871787,511.80988328539894%
31,SCAR-20,Cyrex,8.193370819091797,18.498679498146544,10.305308679054747,44.291652384770074%
8,Dual Berettas,Black Limba,6.828886032104492,5.003493696419569,1.8253923356849233,136.482355059049%
28,SG 553,Aerial,6.128599166870117,0.36203260869565335,5.766566558174464,1692.830706314135%
28,SG 553,Atlas,16.557125091552734,0.32128230744440756,16.23584278410833,5153.450628282002%
28,SG 553,Hazard Pay,237.0631561279297,252.84572425249158,15.782568124561891,93.75802451426807%
28,SG 553,Cyberforce,2.2756826877593994,0.5566504381694267,1.7190322495899726,408.81719149330013%
28,SG 553,Dragon Tech,10.52145004272461,2.4080245447347606,8.113425497989848,436.9328404783153%
28,SG 553,Cyrex,5.756032466888428,14.083618813402984,8.327586346514556,40.870407976468194%
28,SG 553,Darkwing,0.24925830960273743,2.5454219684611212,2.296163658858384,9.792416058757865%
28,SG 553,Pulse,2.578446626663208,2.8187445559089817,0.24029792924577364,91.47500156613933%
28,SG 553,Integrale,165.94293212890625,179.01240766773196,13.069475538825714,92.69912308923067%
28,SG 553,Colony IV,18.802745819091797,31.897275885558543,13.094530066466746,58.9478107364169%
28,SG 553,Triarch,7.382664203643799,1.8071109598366255,5.575553243807173,408.5340838346329%
29,SSG 08,Blood in the Water,18.524581909179688,38.385546424759895,19.860964515580207,48.25926327632201%
11,Nova,Rising Skull,5.387017726898193,3.043029325513196,2.343988401384997,177.02812397280107%
11,Nova,Bloomstick,13.627462387084961,23.76311863391252,10.135656246827558,57.3471125445509%
29,SSG 08,Parallax,5.702287197113037,4.480452979181628,1.2218342179314092,127.27032787998552%
29,SSG 08,Death's Head,11.881900787353516,5.386367412140579,6.495533375212936,220.59209627201363%
29,SSG 08,Dragonfire,21.010751724243164,22.414411184210536,1.403659459967372,93.73769202130032%
29,SSG 08,Fever Dream,1.9369043111801147,2.1432978208232454,0.20639350964313063,90.37028323185369%
29,SSG 08,Slashed,6.183609962463379,0.9167853287536817,5.266824633709697,674.4883200595772%
29,SSG 08,Mainframe 001,2.176687717437744,0.5278866293848516,1.6488010880528925,412.3399980738756%
29,SSG 08,Necropos,18.327404022216797,1.3899031347962372,16.93750088742056,1318.6101652259122%
29,SSG 08,Death Strike,243.66290283203125,299.2307868852458,55.56788405321453,81.42975706756917%
29,SSG 08,Big Iron,11.570928573608398,11.809261851733982,0.2383332781255838,97.98181053889843%
29,SSG 08,Bloodshot,22.629703521728516,35.00270156106521,12.372998039336693,64.65130550637373%
29,SSG 08,Turbo Peek,18.1903133392334,12.811125719769683,5.379187619463716,141.98840708559078%
6,Tec-9,Isaac,6.2803802490234375,4.507821592442639,1.7725586565807987,139.32184582354574%
6,Tec-9,Avalanche,5.966586589813232,3.6724407510003174,2.294145838812915,162.4692403325506%
6,Tec-9,Bamboozle,1.4928992986679077,1.2802255772646542,0.21267372140325347,116.61220687823273%
6,Tec-9,Cracked Opal,1.9137259721755981,0.3147832783278319,1.5989426938477662,607.9503277116719%
6,Tec-9,Flash Out,0.39895427227020264,0.24054726368159163,0.158407008588611,165.85275848254574%
6,Tec-9,Rebel,2.285052537918091,0.42025408163265193,1.864798456285439,543.7311944814082%
6,Tec-9,Mummy's Rot,10.139412879943848,3.6584409448818866,6.480971935061961,277.15119726419965%
6,Tec-9,Sandstorm,11.716185569763184,0.6689727740986,11.047212795664583,1751.3695659064795%
6,Tec-9,Snek-9,3.7087879180908203,0.4918302047781561,3.2169577133126643,754.078924405161%
24,M4A4,Desert-Strike,20.905221939086914,8.338345896819018,12.566876042267896,250.71185817635623%
26,AK-47,Wasteland Rebel,95.77510833740234,117.20077947464884,21.425671137246496,81.71883221827805%
19,UMP-45,Briefing,10.191436767578125,0.4841077384923269,9.707329029085798,2105.200135680058%
19,UMP-45,Primal Saber,8.223363876342773,9.564290787269691,1.3409269109269175,85.97986049617265%
19,UMP-45,Riot,5.0160932540893555,0.3377702779353364,4.6783229761540195,1485.0605816328364%
19,UMP-45,Arctic Wolf,4.15371036529541,1.6140983364140493,2.539612028881361,257.3393622673246%
19,UMP-45,Exposure,6.527785301208496,1.1513547486033544,5.376430552605141,566.9655950198664%
19,UMP-45,Momentum,10.166670799255371,8.42215091863516,1.7445198806202118,120.7134720984425%
19,UMP-45,Plastique,10.687520980834961,1.5294592467678465,9.158061734067115,698.7777545181757%
19,UMP-45,Wild Child,13.194053649902344,24.40075081433224,11.206697164429897,54.072326504611354%
19,UMP-45,Corporal,5.167510032653809,0.5149053763440858,4.652604656309723,1003.5844001754249%
19,UMP-45,Crime Scene,30.296581268310547,41.62182159194877,11.325240323638226,72.79013774392577%
2,USP-S,Blueprint,12.470890998840332,20.422097852028624,7.9512068531882925,61.06567057508021%
2,USP-S,Neo-Noir,50.57267379760742,49.67077122040072,0.9019025772067053,101.81576117110151%
2,USP-S,Black Lotus,6.150957107543945,4.759091362126251,1.391865745417694,129.24645987035308%
2,USP-S,Cortex,15.342663764953613,15.012698084291188,0.3299656806624256,102.19791058748922%
2,USP-S,Cyrex,11.067493438720703,3.8714054786273304,7.196087960093372,285.87791952613713%
2,USP-S,Guardian,14.722790718078613,2.7913678215472286,11.931422896531384,527.4400100348621%
2,USP-S,Flashback,8.568517684936523,1.4104589147286803,7.158058770207843,607.4985662793862%
2,USP-S,Kill Confirmed,108.21321868896484,123.73387065180684,15.520651962841995,87.45642411323422%
2,USP-S,Monster Mashup,21.606679916381836,29.891974238875854,8.285294322494018,72.28254562149789%
2,USP-S,Printstream,174.62791442871094,201.31252214765095,26.684607718940015,86.74468560909072%
2,USP-S,Torque,8.111187934875488,1.4076888030887982,6.70349913178669,576.2060419233034%
2,USP-S,Road Rash,25.614776611328125,29.1411638591119,3.5263872477837737,87.89894849487578%
2,USP-S,Orion,17.62856101989746,25.791026615969596,8.162465596072135,68.35152893441628%
2,USP-S,Ticket to Hell,0.785373330116272,2.998865979381438,2.213492649265166,26.18901062988708%
5,Five-SeveN,Fall Hazard,250.33030700683594,238.10360930232548,12.226697704510457,105.13503249292873%
11,Nova,Walnut,12.768078804016113,4.648331487341777,8.119747316674335,274.6809008519688%
26,AK-47,Jet Set,122.83817291259766,162.58267400000003,39.74450108740237,75.55428256309627%
14,Sawed-Off,Wasteland Princess,8.658617973327637,5.523151111111107,3.1354668622165294,156.76952882764346%
12,XM1014,Entombed,1.6224838495254517,10.121032258064496,8.498548408539044,16.03081393434595%
12,XM1014,Tranquility,5.740706443786621,10.72428419845142,4.983577754664799,53.52997307377937%
12,XM1014,Heaven Guard,1.1172587871551514,3.489098515134211,2.3718397279790597,32.02141705970647%
12,XM1014,Incinegator,10.49443244934082,11.474201631701627,0.9797691823608066,91.46111238228688%
12,XM1014,Oxide Blaze,0.9790225028991699,0.24306335988414254,0.7359591430150274,402.78489664827566%
12,XM1014,Hieroglyph,4.98195743560791,0.178700688073395,4.803256747534515,2787.8781493900833%
12,XM1014,Black Tie,8.849481582641602,1.8829425736620622,6.96653900897954,469.98149101438537%
24,M4A4,X-Ray,16.852115631103516,12.839047705470579,4.013067925632937,131.25674129182502%
4,P250,X-Ray,1.0347989797592163,0.6116176084099894,0.42318137134922695,169.1905147154549%
26,AK-47,Leet Museo,54.214088439941406,54.722716904276986,0.5086284643355796,99.07053506640526%
26,AK-47,Bloodsport,63.03635787963867,84.65629830747527,21.619940427836596,74.46150982256269%
26,AK-47,The Empress,114.70020294189453,123.15625411184206,8.456051169947528,93.13388408008227%
26,AK-47,Gold Arabesque,1722.673095703125,1732.967241935484,10.294146232359026,99.40598148751721%
26,AK-47,Rat Rod,20.21639633178711,10.02133971830985,10.19505661347726,201.73346977600227%
26,AK-47,Slate,18.141796112060547,12.2426150206978,5.899181091362747,148.18562930705068%
26,AK-47,Steel Delta,14.895724296569824,3.875935950413219,11.019788346156606,384.3129630401083%
26,AK-47,Fuel Injector,168.90516662597656,190.35699592003283,21.451829294056267,88.73073763831198%
26,AK-47,Orbit Mk01,20.699777603149414,15.493053245806001,5.206724357343413,133.60683187965472%
27,AUG,Aristocrat,5.990037441253662,1.8080992295839753,4.181938211669687,331.28919825002674%
27,AUG,Plague,7.336724758148193,0.9528001816530426,6.383924576495151,770.0171451919207%
27,AUG,Sand Storm,41.5120964050293,44.82181226533167,3.3097158603023757,92.61583659154643%
27,AUG,Stymphalian,5.770793914794922,7.076007818930049,1.305213904135127,81.55437447873699%
27,AUG,Syd Mead,2.1580469608306885,7.713288541666675,5.555241580835987,27.978299387778133%
27,AUG,Tom Cat,1.7633824348449707,0.35595520934761243,1.4074272254973583,495.3944733880599%
30,AWP,Mortis,17.169336318969727,8.860590942293637,8.30874537667609,193.77191014446382%
30,AWP,The Prince,1403.610107421875,1351.2920579710144,52.3180494508606,103.87170553858039%
30,AWP,Exoskeleton,14.528295516967773,8.050917163684545,6.477378353283228,180.45516084180926%
30,AWP,Gungnir,1641.3927001953125,1452.3891250000004,189.00357519531212,113.01328768867724%
30,AWP,Desert Hydra,1780.9215087890625,1652.4917631578946,128.42974563116786,107.77188416272283%
30,AWP,Duality,36.538185119628906,26.843751306165075,9.694433813463831,136.1143034849878%
30,AWP,Phobos,2.8511393070220947,2.413924712643679,0.4372145943784158,118.11218850730386%
30,AWP,Black Nile,17.24968719482422,6.3853570658036825,10.864330129020537,270.14444168210525%
17,PP-Bizon,Lumen,0.3215983808040619,0.865097058823529,0.5434986780194672,37.17483229470378%
17,PP-Bizon,Runic,1.516120433807373,0.3294204781704803,1.1866999556368927,460.23867193306563%
7,CZ75-Auto,Red Astor,2.6832306385040283,1.8521616613418508,0.8310689771621775,144.87021810828793%
7,CZ75-Auto,Tacticat,2.7887661457061768,1.517697386519943,1.2710687591862337,183.74981537661967%
7,CZ75-Auto,Imprint,1.8525023460388184,0.3729128002632438,1.4795895457755746,496.76555611153975%
7,CZ75-Auto,Vendetta,3.839371681213379,0.761370855821126,3.078000825392253,504.2709018685355%
7,CZ75-Auto,Xiangliu,9.207083702087402,8.450440684269239,0.7566430178181633,108.95388827740875%
9,Desert Eagle,Code Red,52.79503631591797,70.13608239882997,17.341046082912,75.27514299372774%
9,Desert Eagle,Light Rail,6.3850812911987305,4.326092569002122,2.0589887221966086,147.5946524341606%
9,Desert Eagle,Fennec Fox,322.3677062988281,394.47055267422985,72.10284637540173,81.72161498834433%
9,Desert Eagle,Mecha Industries,1.5724207162857056,9.659225509796077,8.086804793510371,16.278952331022886%
8,Dual Berettas,Cobra Strike,16.820871353149414,24.60936098981076,7.788489636661346,68.35151615726193%
8,Dual Berettas,Ventilators,5.09894323348999,0.23400143513203336,4.864941798357957,2179.0222058308973%
8,Dual Berettas,Royal Consorts,2.2206408977508545,2.0833123102866717,0.13732858746418275,106.59183871693658%
8,Dual Berettas,Tread,8.136048316955566,1.0985329018338739,7.0375154151216925,740.6285513500209%
8,Dual Berettas,Elite 1.6,1.0885682106018066,0.2675290505432204,0.8210391600585862,406.89719803941216%
8,Dual Berettas,Dezastre,1.85837721824646,3.8771368507831805,2.0187596325367205,47.93169005295927%
8,Dual Berettas,Balance,1.312730073928833,1.7184600853138343,0.4057300113850013,76.38990775215447%
22,FAMAS,Meow 36,6.993866920471191,0.46913888888888683,6.524728031582304,1490.7881410205696%
22,FAMAS,Commemoration,15.62027359008789,21.861598904109584,6.241325314021694,71.45073724297248%
22,FAMAS,Mecha Industries,3.8996613025665283,6.031590652966539,2.1319293504000107,64.65394498627893%
22,FAMAS,Roll Cage,8.662314414978027,19.837554532055982,11.175240117077955,43.666241224342365%
22,FAMAS,Rapid Eye Movement,2.0896666049957275,11.553000000000038,9.46333339500431,18.087653466595004%
18,MP7,Cirrus,1.3743064403533936,0.6636372093023248,0.7106692310510687,207.08700794492643%
5,Five-SeveN,Flame Test,14.901650428771973,0.2280960000000024,14.67355442877197,6533.0608291122235%
5,Five-SeveN,Boost Protocol,12.085335731506348,2.423949759119063,9.661385972387285,498.5802897127095%
32,G3SG1,High Seas,1.378588318824768,2.0750246753246784,0.6964363564999103,66.43720121588727%
32,G3SG1,Hunter,3.3566482067108154,0.2981519908116381,3.0584962158991775,1125.8178077474006%
32,G3SG1,Digital Mesh,6.425130367279053,0.5911991967871494,5.833931170491903,1086.7961936004297%
32,G3SG1,Flux,5.729094982147217,12.867051886792462,7.137956904645245,44.525311878379185%
32,G3SG1,Scavenger,1.1242948770523071,1.1531125274725247,0.028817650420217555,97.50088133346516%
32,G3SG1,Ventilator,6.633772373199463,0.22294231936855,6.410830053830913,2975.5554674359755%
32,G3SG1,Stinger,4.137434959411621,1.0188058925476593,3.118629066863962,406.1063044173622%
23,Galil AR,Firefight,0.5594513416290283,1.8162799499530766,1.2568286083240483,30.80204357502717%
23,Galil AR,Stone Cold,6.210116863250732,4.536762541806019,1.6733543214447133,136.88432678644395%
23,Galil AR,Connexion,4.197957515716553,1.5824007295466442,2.6155567861699085,265.2904183707791%
23,Galil AR,Vandal,5.690823078155518,0.8424601449275371,4.84836293322798,675.5005696613702%
3,Glock-18,Royal Legion,8.177091598510742,4.242758813838554,3.934332784672188,192.73053117795956%
3,Glock-18,Wraiths,6.534440994262695,0.6433773049645395,5.891063689298155,1015.6467975852596%
3,Glock-18,Winterized,7.768204212188721,0.4974834123222725,7.2707207998664485,1561.5001464926102%
3,Glock-18,Clear Polymer,0.28643283247947693,0.7566096096096055,0.4701767771301286,37.857414027198274%
3,Glock-18,Warhawk,10.085094451904297,0.8187760162601633,9.266318435644134,1231.7281224197209%
33,M249,O.S.I.P.R.,5.645971775054932,0.4675322676139727,5.178439507440959,1207.6111460432162%
33,M249,Nebula Crusader,3.4909708499908447,2.979441685004717,0.5115291649861278,117.16862483198149%
33,M249,Warbird,10.968133926391602,1.1706235294117646,9.797510396979837,936.9480153797234%
25,M4A1-S,Night Terror,11.448369979858398,2.695316151202745,8.753053828655654,424.7505427053421%
25,M4A1-S,Mud-Spec,12.379040718078613,1.071706774519718,11.307333943558895,1155.077210706841%
25,M4A1-S,Control Panel,46.02442932128906,48.75264574468088,2.728216423391821,94.40396232508165%
25,M4A1-S,Golden Coil,49.23041915893555,73.1983594470047,23.96794028806916,67.25617832265512%
25,M4A1-S,Decimator,13.055042266845703,21.556191222570554,8.501148955724851,60.56284309250483%
25,M4A1-S,Mecha Industries,35.2074089050293,43.053628345916245,7.846219440886948,81.7757068513572%
25,M4A1-S,Leaded Glass,16.58641815185547,10.275363249379229,6.31105490247624,161.41928756491905%
25,M4A1-S,Imminent Danger,1730.298095703125,1681.365,48.93309570312499,102.91031963334108%
24,M4A4,Magnesium,12.653851509094238,1.832808025177033,10.821043483917204,690.4079060801794%
24,M4A4,The Coalition,195.7018585205078,222.35244827586237,26.65058975535456,88.01425846128286%
24,M4A4,The Emperor,155.54962158203125,155.47706381797988,0.07255776405136771,100.04666782499592%
24,M4A4,The Battlestar,16.911006927490234,12.449953526161844,4.461053401328391,135.8318879821849%
24,M4A4,Eye of Horus,1641.237060546875,1584.8883689320398,56.34869161483516,103.55537290319097%
24,M4A4,Royal Paladin,79.2785873413086,86.83654711246204,7.557959771153449,91.29633774893752%
24,M4A4,Buzz Kill,34.319278717041016,31.131640878013695,3.187637839027321,110.23922205552148%
24,M4A4,Spider Lily,16.434005737304688,12.832852282900637,3.6011534544040504,128.06198789650585%
16,MAC-10,Calf Skin,0.3166011869907379,0.6370149654643082,0.32041377847357033,49.700745532716525%
16,MAC-10,Classic Crate,8.211851119995117,0.31283267605633797,7.899018443938779,2624.997881780178%
16,MAC-10,Pipe Down,4.295999526977539,1.509315049226439,2.7866844777511,284.6323919700757%
16,MAC-10,Whitefish,1.0573430061340332,0.6095761237312701,0.4477668824027631,173.45544961012283%
16,MAC-10,Hot Snakes,364.7462158203125,335.5912546916889,29.154961128623597,108.68764031273955%
16,MAC-10,Stalker,40.71674346923828,56.17949307253461,15.46274960329633,72.47616744541993%
13,MAG-7,BI83 Spectrum,1.3059067726135254,1.8823559999999935,0.5764492273864681,69.37618455879388%
13,MAG-7,Cinquedea,395.0495300292969,375.9134199395769,19.136110089719978,105.09056316552781%
13,MAG-7,Copper Coated,1.162131905555725,3.7096659340659266,2.5475340285102015,31.327130965725182%
13,MAG-7,Justice,16.029130935668945,12.25894455316372,3.7701863825052246,130.75457569903304%
13,MAG-7,Popdog,13.165572166442871,0.2516579234972677,12.913914242945603,5231.534927842561%
13,MAG-7,Praetorian,7.461118698120117,2.0373320475731256,5.423786650546992,366.2200625081129%
8,Dual Berettas,Duelist,4.542986869812012,28.697135704874842,24.15414883506283,15.83080247636103%
36,MP5-SD,Gauss,3.9413392543792725,1.251126514784292,2.6902127395949806,315.0232376826258%
36,MP5-SD,Kitbash,2.0309557914733887,1.5596101694915245,0.47134562198186414,130.22201516777335%
36,MP5-SD,Condition Zero,3.367891550064087,0.7486873661670238,2.619204183897063,449.8395060820016%
36,MP5-SD,Acid Wash,17.032209396362305,0.8017476076555028,16.2304617887068,2124.3854342351533%
36,MP5-SD,Agent,14.921507835388184,2.8481026067665036,12.07340522862168,523.9104728859755%
36,MP5-SD,Phosphor,8.423836708068848,9.236669676806095,0.8128329687372471,91.19993463901469%
36,MP5-SD,Necro Jr.,0.25387871265411377,0.3428315715292458,0.08895285887513205,74.05348099116252%
36,MP5-SD,Oxide Oasis,314.5692138671875,306.35907061503406,8.210143252153443,102.67990865609792%
18,MP7,Bloodsport,0.07963472604751587,6.654891862567816,6.5752571365203005,1.196634411077996%
18,MP7,Sunbaked,2.9417824745178223,0.1659468208092492,2.775835653708573,1772.7260216086404%
15,MP9,Modest Threat,8.29156494140625,0.25213922565506464,8.039425715751186,3288.4867159659657%
15,MP9,Starlight Protector,23.53495216369629,38.809059296482516,15.274107132786227,60.64293386732359%
34,Negev,MjÃ¶lnir,665.4673461914062,669.8455974358975,4.378251244491253,99.3463790370123%
11,Nova,Wild Six,2.0114781856536865,1.3017493102089055,0.709728875444781,154.52116393523445%
11,Nova,Wood Fired,3.208207607269287,0.22393689524610874,2.984270712023178,1432.6391386928165%
11,Nova,Sobek's Bite,11.688486099243164,25.000769230769222,13.312283131526058,46.75250585833088%
1,P2000,Turf,1.3345938920974731,0.6207952622673435,0.7137986298301296,214.98132689078653%
1,P2000,Imperial Dragon,8.048747062683105,5.804748763600398,2.2439982990827074,138.65797453895087%
4,P250,Apep's Curse,238.92747497558594,245.07905128205113,6.151576306465188,97.4899624124195%
4,P250,Vino Primo,3.613677501678467,13.320118233618228,9.706440731939761,27.129470161593762%
4,P250,Cyber Shell,10.067441940307617,1.3746225680933921,8.692819372214226,732.3786306135804%
4,P250,Inferno,19.200599670410156,1.4320080299785896,17.768591640431566,1340.8164806657705%
4,P250,Iron Clad,2.5436229705810547,0.43204143835616554,2.111581532224889,588.7451398780288%
4,P250,Visions,2.591317653656006,13.660189239332091,11.068871585676085,18.96985179527943%
20,P90,Freight,5.541175365447998,0.27543185378590057,5.265743511662097,2011.8135536187037%
20,P90,Chopper,1.4284083843231201,1.6722920898738098,0.24388370555068972,85.41620168943733%
20,P90,Neoqueen,6.689090251922607,2.3715745283018816,4.317515723620726,282.05271106163366%
20,P90,Shallow Grave,8.85479736328125,5.844070729053322,3.010726634227928,151.5176282733942%
20,P90,Vent Rush,6.526103496551514,2.3406724422442164,4.185431054307298,278.81318969579286%
20,P90,Traction,5.1533203125,0.7945278359146066,4.358792476585394,648.6016070875411%
18,MP7,Powercore,5.277541160583496,2.133161552346567,3.144379608236929,247.4046635041767%
17,PP-Bizon,Harvester,9.250701904296875,0.3581113367174272,8.892590567579449,2583.1915820068753%
10,R8 Revolver,Banana Cannon,0.7770017385482788,2.9558935361216747,2.178891797573396,26.286526529225263%
10,R8 Revolver,Bone Forged,2.6635401248931885,0.23692631578947365,2.426613809103715,1124.2061127814684%
10,R8 Revolver,Llama Cannon,15.188130378723145,8.977860178495538,6.2102702002276065,169.1731668432855%
10,R8 Revolver,Memento,2.734992265701294,1.0323548585485864,1.7026374071527075,264.92753369190206%
10,R8 Revolver,Junk Yard,2.9524166584014893,0.5511513970110457,2.4012652613904435,535.6816066171233%
10,R8 Revolver,Inlay,2.8501882553100586,0.12328870292886958,2.726899552381189,2311.800017033557%
10,R8 Revolver,Crazy 8,2.547053813934326,2.9421009433962064,0.39504712946188025,86.57261810310769%
10,R8 Revolver,Grip,13.6574068069458,0.33713116591928033,13.320275641026521,4051.0662280970514%
14,Sawed-Off,Fubar,5.127747535705566,0.1419143904063957,4.98583314529917,3613.268197130256%
14,Sawed-Off,Yorick,3.140944004058838,0.550068910765322,2.5908750932935156,571.0091849562591%
31,SCAR-20,Bloodsport,8.800931930541992,5.375994813614251,3.424937116927741,163.70796914190427%
31,SCAR-20,Enforcer,12.36143684387207,2.0106540697674413,10.35078277410463,614.7967982031754%
31,SCAR-20,Green Marine,9.922632217407227,0.4109297637795295,9.511702453627697,2414.6783932474846%
31,SCAR-20,Powercore,10.80380916595459,1.250061506565308,9.553747659389282,864.2622070364629%
31,SCAR-20,Fragments,3.787864923477173,0.3740541586073488,3.413810764869824,1012.6514667233952%
28,SG 553,Heavy Metal,0.3664568066596985,0.5558157894736838,0.18935898281398533,65.93134157032598%
28,SG 553,Danger Close,6.723732948303223,0.3148559322033898,6.408877016099833,2135.4950822269543%
28,SG 553,Phantom,7.543920516967773,1.2214125923320487,6.322507924635724,617.6389996572846%
28,SG 553,Ol' Rusty,2.810333251953125,0.23191805766312648,2.5784151942899984,1211.7785394853927%
28,SG 553,Tiger Moth,5.880767345428467,4.542755736714977,1.3380116087134901,129.45374319599787%
29,SSG 08,Azure Glyph,10.917550086975098,0.8939273182957408,10.023622768679356,1221.301761734863%
29,SSG 08,Ghost Crusader,9.997817993164062,3.4542094911020955,6.543608502061967,289.438669510869%
29,SSG 08,Hand Brake,10.38881778717041,2.162632711038959,8.22618507613145,480.3782784816695%
6,Tec-9,Decimator,27.76363754272461,28.791813515269634,1.028175972545025,96.4289294524649%
6,Tec-9,Remote Control,16.214672088623047,9.854378834355835,6.360293254267212,164.5428125017174%
6,Tec-9,Fubar,2.048737049102783,0.9386688102893876,1.1100682388133956,218.25984060034617%
6,Tec-9,Brother,1.0061439275741577,1.6784956672443652,0.6723517396702074,59.94319480287806%
6,Tec-9,Jambiya,7.09397029876709,0.5774893958868893,6.5164809028802,1228.4156816199893%
6,Tec-9,Fuel Injector,6.233067512512207,9.260752797202805,3.027685284690598,67.30627249217682%
7,CZ75-Auto,Syndicate,8.604146957397461,5.120571732199787,3.483575225197674,168.0309818392318%
19,UMP-45,Scaffold,4.517663955688477,2.1712687523558225,2.346395203332654,208.06562756392174%
19,UMP-45,Gold Bismuth,8.651694297790527,3.6442444444444435,5.007449853346084,237.4070792912866%
19,UMP-45,Roadblock,0.37853604555130005,0.34292482517482553,0.03561122037647452,110.38455596159294%
2,USP-S,The Traitor,59.02487564086914,77.70578210806036,18.68090646719122,75.95943833212708%
2,USP-S,Desert Tactical,0.3350026309490204,0.9285835240274599,0.5935808930784395,36.07673647880853%
2,USP-S,Lead Conduit,1.2415547370910645,2.135017829695665,0.8934630926046006,58.151961066669%
12,XM1014,Watchdog,5.715324401855469,2.630925047438327,3.0843993544171417,217.23630657666786%
26,AK-47,Red Laminate,38.41275405883789,79.6912134955752,41.27845943673731,48.201994139505395%
26,AK-47,Blue Laminate,39.01100540161133,7.834694484070385,31.176310917540942,497.92631328418827%
26,AK-47,Black Laminate,39.609256744384766,103.89041032148897,64.2811535771042,38.12599894621061%
26,AK-47,Green Laminate,39.609256744384766,15.434768410852731,24.174488333532032,256.6235896130071%
14,Sawed-Off,Mosaico,11.302167892456055,1.2354701542588842,10.06669773819717,914.8070354832516%
6,Tec-9,Blast From the Past,30.663854598999023,9.171786970010347,21.49206762898868,334.3280289791165%
32,G3SG1,Arctic Camo,2.0338871479034424,1.6854815307820294,0.34840561712141294,120.67098397451794%
32,G3SG1,Polar Camo,1.4356355667114258,0.03030241480478545,1.4053331519066403,4737.693599536846%
27,AUG,Amber Slipstream,2.1692378520965576,0.3167703674121408,1.852467484684417,684.7982245997854%
31,SCAR-20,Magna Carta,8.066370010375977,8.161739167374686,0.09536915699870896,98.83150937511049%
6,Tec-9,Bamboo Forest,14.730738639831543,2.8129237017696536,11.91781493806189,523.6807038372285%
14,Sawed-Off,Bamboo Shadow,18.402355194091797,1.4113789505983432,16.990976243493453,1303.8564296491925%
17,PP-Bizon,Bamboo Print,19.77920913696289,1.7600289217227272,18.019180215240162,1123.8002337826858%
36,MP5-SD,Bamboo Garden,25.811216354370117,1.3820178041543036,24.429198550215812,1867.647166106137%
17,PP-Bizon,Jungle Slipstream,3.6177494525909424,0.23672295247724695,3.3810265001136957,1528.263066480074%
30,AWP,BOOM,25.566654205322266,42.72155499748865,17.154900792166387,59.84485865934697%
33,M249,Blizzard Marbleized,6.034189701080322,4.292955716222328,1.7412339848579945,140.56025964298155%
19,UMP-45,Day Lily,61.35737991333008,32.040843537414986,29.316536375915092,191.49739251303217%
22,FAMAS,Hexane,1.5413955450057983,1.975288837448558,0.43389329244275965,78.03393183737062%
32,G3SG1,Demeter,18.965055465698242,1.9467118340163927,17.018343631681848,974.2096973114997%
20,P90,Facility Negative,3.862975597381592,0.7671522070015269,3.095823390380065,503.5474788608544%
19,UMP-45,Facility Dark,3.125426769256592,0.04632819548872246,3.0790985737678693,6746.273486990024%
4,P250,Facility Draft,10.009703636169434,0.04979924812030158,9.959904388049132,20100.109969509347%
17,PP-Bizon,Facility Sketch,4.043330192565918,0.04847461451673639,3.9948555780491817,8341.129130939069%
10,R8 Revolver,Desert Brush,3.9534080028533936,0.35074999999999923,3.6026580028533943,1127.1298653894232%
5,Five-SeveN,Crimson Blossom,24.069761276245117,35.313147169811316,11.243385893566199,68.16090664618531%
31,SCAR-20,Stone Mosaico,19.702604293823242,4.804132771338249,14.898471522484993,410.1178137991978%
27,AUG,Copperhead,10.947887420654297,25.321561081603065,14.373673660948768,43.235436335749036%
3,Glock-18,Blue Fissure,14.518867492675781,7.8220684147076325,6.696799077968149,185.6141716349135%
23,Galil AR,Shattered,0.2546957731246948,1.9285903614457858,1.673894588321091,13.206317848325227%
4,P250,Facets,7.867136478424072,1.5579948609431704,6.309141617480902,504.95265906471013%
18,MP7,Forest DDPAT,8.843374252319336,0.12943932639920774,8.713934925920128,6832.061397666129%
20,P90,Desert DDPAT,9.76127815246582,0.37491425992779825,9.386363892538022,2603.60279556869%
33,M249,Jungle DDPAT,15.727655410766602,4.080207934336516,11.647447476430084,385.4621054582131%
23,Galil AR,Orange DDPAT,9.343381881713867,16.368522959183668,7.025141077469801,57.08139888377467%
30,AWP,Pink DDPAT,13.154298782348633,74.20645775485922,61.05215897251058,17.726622696105256%
16,MAC-10,Urban DDPAT,7.925470352172852,4.5325505263157915,3.39291982585706,174.85674580256557%
24,M4A4,Red DDPAT,10.400583267211914,49.72217661691539,39.32159334970348,20.91739335416313%
24,M4A4,Desert Storm,1.4950087070465088,6.08964862745098,4.594639920404471,24.549999491059197%
14,Sawed-Off,Parched,0.5545611381530762,0.3648111209179163,0.18975001723515988,152.0132217345025%
4,P250,Black & Tan,4.402546405792236,10.945072748267892,6.5425263424756555,40.2240031386631%
22,FAMAS,Doomkitty,0.26115232706069946,1.3441968602043346,1.0830445331436351,19.4281310120752%
18,MP7,Tall Grass,4.991161823272705,1.7727982608695652,3.21836356240314,281.5414440233329%
27,AUG,Spalted Wood,0.8605926036834717,1.8900268123137993,1.0294342086303276,45.53335424008728%
4,P250,Exchanger,19.724653244018555,0.773972009202458,18.950681234816095,2548.496975277425%
5,Five-SeveN,Coolant,18.069196701049805,0.051353007518797865,18.017843693531006,35186.24823372914%
11,Nova,Mandrel,15.315484046936035,0.04729097744360971,15.268193069492426,32385.636488901906%
34,Negev,Bulkhead,5.357842445373535,0.21024887218045227,5.147593573193083,2548.3335010591686%
27,AUG,Snake Pit,7.1932692527771,0.11616901408450615,7.077100238692593,6192.072222928929%
27,AUG,Wings,0.9140862822532654,6.4240105062082105,5.509924223954945,14.229215244431586%
5,Five-SeveN,Nightshade,38.93256378173828,0.8118655772271998,38.12069820451108,4795.444575283803%
29,SSG 08,Sea Calico,49.349151611328125,122.20151364063965,72.85236202931152,40.38342090953974%
25,M4A1-S,Boreal Forest,2.408795118331909,0.11913495824870173,2.2896601600832076,2021.9045305773288%
5,Five-SeveN,Forest Night,6.7702436447143555,0.030536899119838503,6.739706745594517,22170.697876511047%
23,Galil AR,Winter Forest,0.892636239528656,1.797684323991377,0.9050480844627209,49.654782411783316%
23,Galil AR,Kami,7.612063407897949,1.1947904222451093,6.41727298565284,637.1044884670448%
23,Galil AR,Signal,0.2990753650665283,1.2104278451310133,0.911352480064485,24.708235709346%
4,P250,Gunsmoke,0.29371288418769836,0.586636247443763,0.2929233632560646,50.06729220492887%
8,Dual Berettas,Pyre,2.1295206546783447,9.202732079906,7.073211425227655,23.140091835642103%
13,MAG-7,Counter Terrace,7.1941375732421875,28.541774718883314,21.347637145641126,25.205642060101212%
13,MAG-7,Prism Terrace,6.59588623046875,36.16372418478264,29.567837954313887,18.238957350648743%
6,Tec-9,Terrace,3.981475830078125,28.646141803989572,24.664665973911447,13.898820501976367%
1,P2000,Granite Marbleized,8.054018020629883,0.09437363883847553,7.959644381791407,8534.181917489348%
6,Tec-9,Hades,28.810029983520508,5.725052206130014,23.084977777390492,503.2273758599546%
30,AWP,Electric Hive,1.5319610834121704,30.987966483372613,29.456005399960443,4.94372899310506%
19,UMP-45,Houndstooth,21.706512451171875,1.5358710482529123,20.170641402918964,1413.303055348528%
11,Nova,Blaze Orange,2.882863759994507,39.809863799283164,36.92700003928866,7.241581570159547%
31,SCAR-20,Splash Jam,6.143261909484863,136.26666037735853,130.12339846787367,4.508264818755036%
17,PP-Bizon,Modern Hunter,0.12914814054965973,63.49808016877635,63.36893202822669,0.20338904767890167%
25,M4A1-S,Icarus Fell,441.4354248046875,189.15981763399938,252.27560717068812,233.36638316009055%
13,MAG-7,Memento,29.213308334350586,2.0064858892438746,27.20682244510671,1455.9438713700272%
2,USP-S,Royal Blue,4.481598377227783,22.294053181386527,17.812454804158744,20.102214437029797%
5,Five-SeveN,Kami,14.986822128295898,0.8429482800096217,14.143873848286276,1777.9052978345046%
5,Five-SeveN,Neon Kimono,14.12319564819336,55.9418520507813,41.81865640258794,25.246206785168656%
32,G3SG1,Orange Kimono,0.06326477229595184,1.503534509439802,1.4402697371438502,4.207736629837881%
4,P250,Crimson Kimono,13.385643005371094,7.411957526545912,5.973685478825182,180.59524703737762%
36,MP5-SD,Lab Rats,57.552574157714844,0.2347398687765332,57.31783428893831,24517.596630550874%
3,Glock-18,Synth Leaf,5.626434803009033,125.19785569852938,119.57142089552035,4.494034479757566%
12,XM1014,Banana Leaf,10.355255126953125,7.794665987780032,2.560589139173093,132.8505306473352%
19,UMP-45,Labyrinth,22.743684768676758,0.19769486107696269,22.545989907599797,11504.439035379191%
17,PP-Bizon,Anolis,51.899383544921875,0.2404339457567803,51.6589495991651,21585.71385648788%
8,Dual Berettas,Marina,13.828690528869629,6.573184941738869,7.25550558713076,210.38036585672864%
29,SSG 08,Mayan Dreams,81.58100891113281,1.271355857103296,80.30965305402951,6416.850833330803%
26,AK-47,Safety Net,29.607053756713867,13.255017973856221,16.352035782857648,223.36487068602912%
20,P90,Blind Spot,5.125570774078369,4.090201108471891,1.0353696656064786,125.31341707042114%
9,Desert Eagle,Mudder,4.382401943206787,0.12416820952810939,4.2582337336786775,3529.4073739661135%
27,AUG,Navy Murano,13.294235229492188,2.2232201722017253,11.071015057290463,597.9720495395868%
6,Tec-9,Orange Murano,3.0579917430877686,3.3893764880952384,0.33138474500746984,90.2228405085296%
34,Negev,Dazzle,64.77049255371094,0.27682638245288765,64.49366617125806,23397.5143480893%
3,Glock-18,Death Rattle,6.042599201202393,0.11757918128655029,5.925020019915842,5139.174414283489%
13,MAG-7,Core Breach,5.273129463195801,4.747698696281988,0.5254307669138125,111.06706218162681%
15,MP9,Setting Sun,6.789280414581299,3.7447606352807736,3.044519779300525,181.3007846380615%
4,P250,Contamination,4.6611552238464355,1.0763444700460825,3.584810753800353,433.05422692856627%
6,Tec-9,Toxic,4.980803966522217,4.818999436143227,0.16180453037898967,103.35763746236265%
23,Galil AR,Cold Fusion,13.381240844726562,0.42601054613935946,12.955230298587203,3141.05858786632%
30,AWP,Acheron,16.59389305114746,4.539595445920321,12.05429760522714,365.53682478601013%
8,Dual Berettas,Switch Board,15.618267059326172,1.3204432348367012,14.29782382448947,1182.8048830329064%
25,M4A1-S,Bright Water,1.2122925519943237,13.157480698303395,11.945188146309071,9.213713322419268%
1,P2000,Oceanic,16.643552780151367,0.26551984710379306,16.378032933047574,6268.289531533708%
4,P250,Wingshot,22.082712173461914,3.3887829202747164,18.693929253187196,651.6413914076193%
4,P250,Bengal Tiger,29.03716278076172,26.554596721311512,2.482566059450207,109.3489126779237%
20,P90,Death Grip,56.86787033081055,6.341976813024184,50.525893517786365,896.6899754982389%
20,P90,Cocoa Rampage,10.374372482299805,0.5953125423728824,9.779059939926922,1742.676618394119%
6,Tec-9,Phoenix Chalk,11.773381233215332,0.39481126090404406,11.378569972311288,2982.0277178154665%
34,Negev,Phoenix Stencil,0.11922988295555115,7.8925759259259225,7.773346042970371,1.5106586756283074%
18,MP7,Olive Plaid,43.97369384765625,1.2017638936831188,42.77192995397313,3659.0959404586038%
15,MP9,Green Plaid,42.59684753417969,1.3393196800000005,41.257527854179685,3180.4839554197897%
1,P2000,Red FragCam,2.494968891143799,1.1326884176182723,1.3622804735255265,220.26965689205352%
4,P250,Hive,9.802536010742188,2.102417971758664,7.700118038983524,466.2505811126798%
25,M4A1-S,Blood Tiger,2.9096367359161377,3.7050398568019074,0.7954031208857697,78.53186061074278%
24,M4A4,Converter,0.02524411864578724,2.0066342105263173,1.98139009188053,1.2580329047198888%
22,FAMAS,Cyanospatter,0.9857199788093567,0.0939733514001814,0.8917466274091753,1048.9356441186305%
29,SSG 08,Orange Filigree,12.005927085876465,14.771444691907945,2.76551760603148,81.27794766380245%
23,Galil AR,Dusk Ruins,42.287353515625,9.920745531914902,32.3666079837101,426.2517708934996%
31,SCAR-20,Outbreak,31.913129806518555,0.35953331393656845,31.553596492581985,8876.265027320642%
31,SCAR-20,Jungle Slipstream,2.807577610015869,0.19981496738757448,2.6077626426282947,1405.0887412103136%
11,Nova,Tempest,59.95817947387695,1.9534485145659042,58.00473095931105,3069.350383529349%
2,USP-S,Overgrowth,16.400693893432617,9.829266615737223,6.571427277695394,166.85572316427107%
18,MP7,Skulls,7.6546196937561035,5.7845667896679025,1.870052904088201,132.32831380611586%
30,AWP,Pit Viper,5.152591228485107,1.4884148047844734,3.664176423700634,346.1797888547082%
12,XM1014,Red Python,3.1085402965545654,0.7750847457627116,2.3334555507918537,401.05811829590954%
17,PP-Bizon,Blue Streak,156.2007598876953,1.4061460800902423,154.79461380760506,11108.430489502969%
15,MP9,Slide,157.07760620117188,0.12909454394002517,156.94851165723185,121676.40971267312%
29,SSG 08,Detour,31.732101440429688,7.196704064587981,24.535397375841708,440.9254730449499%
30,AWP,POP AWP,59.97771072387695,5.751560869565217,54.226149854311736,1042.80754536135%
27,AUG,Bengal Tiger,38.39655303955078,3.1259152941176485,35.270637745433135,1228.3299266555773%
14,Sawed-Off,Clay Ambush,127.32850646972656,0.3410926944226248,126.98741377530393,37329.59062206195%
11,Nova,Quick Sand,21.621896743774414,10.844155192532092,10.777741551242322,199.3875627920236%
36,MP5-SD,Autumn Twilly,33.597896575927734,4.880283566058004,28.71761300986973,688.441483392451%
29,SSG 08,Spring Twilly,30.983476638793945,0.9995423728813551,29.98393426591259,3099.7662009544106%
6,Tec-9,VariCamo,13.731199264526367,0.1482874603893196,13.582911804137048,9259.851931158542%
12,XM1014,VariCamo Blue,15.8866548538208,5.765067279291105,10.121587574529695,275.5675534071874%
34,Negev,CaliCamo,26.581851959228516,2.31009331840239,24.271758640826125,1150.6830372381642%
17,PP-Bizon,Night Ops,18.779666900634766,0.11062533998186817,18.669041560652897,16975.917907879706%
14,Sawed-Off,Full Stop,16.804561614990234,0.6195042382588752,16.185057376731358,2712.5821870435743%
9,Desert Eagle,Urban Rubble,15.108053207397461,0.6773804569101991,14.430672750487261,2230.3644950595835%
26,AK-47,Baroque Purple,41.68855667114258,11.968299999999982,29.720256671142597,348.32479693141585%
34,Negev,Boroque Sand,19.92050552368164,2.0147127071823223,17.905792816499318,988.7516692909271%
20,P90,Schematic,45.566246032714844,6.913210918114146,38.6530351146007,659.1184121595535%
7,CZ75-Auto,Framework,39.212581634521484,0.4648612385321096,38.747720395989376,8435.330456534275%
11,Nova,Interlock,39.85188674926758,7.009783312577832,32.84210343668975,568.5180978099613%
34,Negev,Infrastructure,53.9314079284668,6.747440460947511,47.18396746751929,799.2869035393231%
16,MAC-10,Strats,46.866783142089844,0.37557708333333284,46.49120605875651,12478.605650306557%
8,Dual Berettas,Briar,28.45752716064453,1.390458718087995,27.067068442556536,2046.6286981735188%
24,M4A4,Jungle Tiger,3.0489342212677,1.7013537142857085,1.3475805069819917,179.2063693555785%
17,PP-Bizon,Water Sigil,7.591244220733643,0.7241629139072847,6.867081306826358,1048.2785123273459%
7,CZ75-Auto,Crimson Web,12.420876502990723,1.2277218645377306,11.193154638452992,1011.7011728603129%
31,SCAR-20,Crimson Web,23.435718536376953,1.5832921907756776,21.852426345601277,1480.189106781071%
12,XM1014,Slipstream,5.912507057189941,0.24783997655334142,5.6646670806366,2385.614758124955%
8,Dual Berettas,Moon in Libra,39.24375915527344,1.4230522185330516,37.820706936740386,2757.7174360985664%
30,AWP,Sun in Leo,29.146818161010742,13.440085448392582,15.70673271261816,216.86482777902776%
33,M249,Shipping Forecast,28.368215560913086,5.044240928407976,23.32397463250511,562.3881960346101%
20,P90,Virus,34.157073974609375,3.720515888456553,30.43655808615282,918.0735951319738%
2,USP-S,Para Green,11.503032684326172,5.689767890479155,5.813264793847017,202.17050863488672%
2,USP-S,Ancient Visions,6.504158973693848,46.32749951690821,39.823340543214364,14.03952089259645%
28,SG 553,Barricade,15.680887222290039,1.9974166666666677,13.683470555623371,785.0583948745478%
20,P90,Sunset Lily,62.41458511352539,7.725422922252007,54.68916219127338,807.9115634400914%
24,M4A4,Dark Blossom,33.98636245727539,9.240337788578367,24.746024668697025,367.80432961319497%
18,MP7,Teal Blossom,30.0361385345459,32.63596932006635,2.599830785520453,92.03384842036257%
11,Nova,Ghost Camo,0.4474996030330658,0.7324011643291867,0.2849015612961209,61.1003401998869%
20,P90,Scorched,39.527347564697266,0.4489165110696188,39.07843105362765,8805.055414539496%
28,SG 553,Bleached,22.412899017333984,0.3756622922134731,22.03723672512051,5966.23602685086%
4,P250,Drought,11.398053169250488,0.2517216494845359,11.146331519765953,4528.038487190474%
8,Dual Berettas,Drift Wood,9.58067798614502,1.2976176165803106,8.283060369564708,738.3282920737122%
8,Dual Berettas,Shred,20.02248191833496,0.32944855182926863,19.69303336650569,6077.5747251459425%
8,Dual Berettas,Oil Change,4.363832473754883,0.3778256410256409,3.9860068327292417,1154.9857923641382%
22,FAMAS,Crypsis,64.28669738769531,0.48022553548929237,63.80647185220602,13386.771972089085%
22,FAMAS,Macabre,1.6523362398147583,1.5079715772618107,0.14436466255294755,109.57343392473527%
32,G3SG1,Orange Crash,172.6646270751953,0.23287898658718584,172.43174808860812,74143.49813419198%
23,Galil AR,Akoben,35.89759063720703,0.5451884057970998,35.35240223140993,6584.437646784232%
23,Galil AR,CAUTION!,28.706247329711914,36.651857336956525,7.9456100072446105,78.32139873786709%
23,Galil AR,Crimson Tsunami,25.129419326782227,1.6598908253863875,23.46952850139584,1513.9200086206047%
13,MAG-7,Hazard,128.2260284423828,2.816914206642063,125.40911423574074,4552.003328324159%
4,P250,Mint Kimono,18.53050422668457,1.6371720364741629,16.89333219021041,1131.8605384069551%
22,FAMAS,Night Borre,36.144474029541016,2.1896432889963724,33.954830740544644,1650.7014732115526%
18,MP7,Asterion,20.270402908325195,1.4165296262534193,18.853873282071778,1430.9903960101706%
1,P2000,Pathfinder,28.072580337524414,5.264800522363687,22.80777981516073,533.2126111574107%
27,AUG,Daedalus,16.139841079711914,1.325632640397147,14.814208439314767,1217.5198910971724%
6,Tec-9,Rust Leaf,7.60154390335083,7.6538224489796,0.05227854562876999,99.3169616100026%
11,Nova,Forest Leaves,48.02997970581055,0.4935434662236989,47.53643623958685,9731.661544079874%
1,P2000,Grassland Leaves,43.44046401977539,2.429731836975785,41.01073218279961,1787.870717199987%
33,M249,Emerald Poison Dart,45.200279235839844,1.489596092362347,43.710683143477496,3034.3983491630156%
13,MAG-7,Firestarter,8.76777458190918,2.1821440733464317,6.585630508562748,401.79631991316415%
11,Nova,Polar Mesh,11.578207969665527,0.03027217332430701,11.54793579634122,38247.03249954247%
6,Tec-9,Army Mesh,37.58959197998047,0.03981918735891727,37.54977279262155,94400.7009514284%
27,AUG,Condemned,4.8332319259643555,0.06513247573911125,4.768099450225244,7420.617550795876%
20,P90,Glacier Mesh,8.644145011901855,1.7702502197480248,6.8738947921538305,488.3007450287029%
20,P90,Teardown,32.36076736450195,0.6314555274649511,31.729311837037002,5124.789626027643%
28,SG 553,Gator Mesh,28.090898513793945,2.4608459603898143,25.63005255340413,1141.5138926186246%
27,AUG,Sweeper,27.951601028442383,0.06143851071831534,27.890162517724068,45495.2450859291%
2,USP-S,Check Engine,40.023651123046875,2.3582983050847464,37.66535281796213,1697.1411562630371%
31,SCAR-20,Sand Mesh,2.3991732597351074,0.030160460392688847,2.3690127993424186,7954.697071920982%
23,Galil AR,Hunting Blind,29.78740882873535,1.0961972746980484,28.691211554037302,2717.3401646104626%
26,AK-47,Safari Mesh,4.693930625915527,0.18680658993455165,4.507124035980976,2512.722183708863%
16,MAC-10,Sienna Damask,3.2809910774230957,0.2450572727272727,3.035933804695823,1338.867049693543%
33,M249,Humidor,2.341299533843994,8.038326697892277,5.697027164048283,29.12670288031344%
32,G3SG1,New Roots,2.800253391265869,10.556432497013136,7.756179105747266,26.526512551074237%
15,MP9,Old Roots,10.004182815551758,1.8196653019447278,8.18451751360703,549.7814793116078%
20,P90,Verdant Growth,44.87158203125,1.3389201154956665,43.53266191575433,3351.326304828768%
5,Five-SeveN,Withered Vine,37.9873046875,1.940290480863591,36.04701420663641,1957.8153406490187%
18,MP7,Impire,63.16282272338867,2.1367808865136757,61.026041836874995,2955.980331069122%
18,MP7,Akoben,19.997032165527344,0.26771895884628805,19.729313206681056,7469.412047507894%
34,Negev,Lionfish,17.34659767150879,1.220734588409008,16.12586308309978,1420.996655310368%
34,Negev,Terrain,0.9474539160728455,0.2706440637065641,0.6768098523662813,350.0737844004913%
11,Nova,Windblown,69.84573364257812,0.46169150174621604,69.38404214083191,15128.225964395406%
34,Negev,Nuclear Waste,11.249374389648438,0.7716109846328968,10.47776340501554,1457.9074966124883%
17,PP-Bizon,Irradiated Alert,58.09690475463867,3.5151616809116812,54.58174307372699,1652.7519934608197%
4,P250,Nuclear Threat,50.33577346801758,248.37144866920156,198.03567520118398,20.266328411627647%
6,Tec-9,Nuclear Threat,51.25368118286133,289.9749248554915,238.72124367263018,17.6752114716138%
20,P90,Fallout Warning,58.875511169433594,16.897633846153834,41.977877323279756,348.4245883504842%
28,SG 553,Fallout Warning,62.54712677001953,1.303672374429224,61.243454395590305,4797.764223346684%
24,M4A4,Radiation Hazard,60.71131896972656,154.79591626794272,94.08459729821615,39.22023295797985%
27,AUG,Radiation Hazard,62.088172912597656,1.0991313489896233,60.98904156360803,5648.840147237382%
31,SCAR-20,Palm,1.1250293254852295,4.576037439268359,3.4510081137831294,24.585229915975187%
34,Negev,Palm,2.5018868446350098,1.101602678571429,1.4002841660635807,227.11335886360456%
14,Sawed-Off,Jungle Thicket,6.0789008140563965,1.3144809016906696,4.764419912365727,462.45638154482026%
33,M249,Midnight Palm,2.0429329872131348,1.7880795454545446,0.25485344175859015,114.25291410588807%
29,SSG 08,Tropical Storm,0.20712541043758392,2.0169957794034885,1.8098703689659046,10.269005644565093%
22,FAMAS,Sundown,3.603787899017334,32.44215687919463,28.838368980177293,11.108348660160964%
23,Galil AR,Phoenix Blacklight,42.280982971191406,47.83960286677912,5.558619895587711,88.38071480010605%
31,SCAR-20,Torn,51.506263732910156,0.7429086053412431,50.763355127568914,6933.055205256585%
31,SCAR-20,Poultrygeist,7.460470199584961,0.2387972508591064,7.221672948725854,3124.1859664400986%
28,SG 553,Aloha,2.79323673248291,0.2328459130434801,2.56039081943943,1199.6073695144994%
29,SSG 08,Lichen Dashed,34.71225357055664,0.530014138817481,34.18223943173916,6549.307089807725%
19,UMP-45,Bone Pile,52.41336441040039,1.9411442580645133,50.47222015233588,2700.1272158237734%
30,AWP,Snake Camo,13.099395751953125,26.392426258992785,13.29303050703966,49.63316226938295%
9,Desert Eagle,Sputnik,19.558279037475586,1.4502442159383044,18.10803482153728,1348.619689189481%
22,FAMAS,Spitfire,55.07054901123047,21.44313392563342,33.62741508559705,256.8213639024022%
4,P250,Splash,27.34279441833496,7.674462493533362,19.6683319248016,356.2828594364033%
22,FAMAS,Contrast Spray,18.06390953063965,0.9203297481636927,17.143579782475957,1962.7649292747567%
18,MP7,Army Recon,16.22810173034668,0.12877954655089247,16.09932218379579,12601.458977752718%
23,Galil AR,Sage Spray,18.522859573364258,0.030486571879937786,18.49237300148432,60757.43657342315%
26,AK-47,Jungle Spray,19.899709701538086,2.918243830930856,16.98146587060723,681.90702540406%
20,P90,Sand Spray,17.146005630493164,0.03060361173814996,17.115402018755013,56026.085343120576%
10,R8 Revolver,Canal Spray,12.556487083435059,2.489037536092397,10.067449547342662,504.4715839499876%
28,SG 553,Wave Spray,19.62111473083496,1.9513799384299653,17.669734792404995,1005.4994593529364%
24,M4A4,Zirka,63.86425018310547,10.07567669172934,53.78857349137613,633.8457667615387%
4,P250,Bone Mask,8.443493843078613,0.479923367512143,7.9635704755664705,1759.3420980621404%
15,MP9,Dry Season,0.003742741886526346,0.5287577255871446,0.5250149837006183,0.7078368230686976%
12,XM1014,Urban Perforated,1.3806004524230957,0.7106102449888656,0.6699902074342301,194.2837810401577%
28,SG 553,Waves Perforated,5.962630748748779,0.03027533288196893,5.932355415866811,19694.682704215422%
5,Five-SeveN,Orange Peel,8.30419635772705,0.06623674114195482,8.237959616585096,12537.145116982685%
32,G3SG1,Jungle Dashed,36.089107513427734,0.030418415707516213,36.05868909772022,118642.29833807658%
36,MP5-SD,Dirt Drop,37.9249153137207,0.32236060100166974,37.602554712719034,11764.748916547735%
15,MP9,Sand Dashed,28.286922454833984,0.030180320469420967,28.256742134364565,93726.38200941109%
17,PP-Bizon,Urban Dashed,29.20482635498047,0.030367042889391516,29.174459312091077,96172.77013555687%
25,M4A1-S,Fizzy POP,95.62162780761719,1.8641217447916691,93.75750606282551,5129.580622874161%
12,XM1014,Blue Tire,61.79531478881836,0.43233521657250507,61.362979572245855,14293.379863598258%
3,Glock-18,Red Tire,57.66474151611328,2.1367033898305063,55.52803812628277,2698.7714715371667%
20,P90,Ash Wood,4.035045623779297,0.16118491758862374,3.873860706190673,2503.364262702012%
16,MAC-10,Surfwood,2.7974889278411865,1.3644128919860663,1.4330760358551202,205.0324314782094%
19,UMP-45,Delusion,2.9414002895355225,1.4265382746051034,1.514862014930419,206.1914735761132%
26,AK-47,Predator,11.265002250671387,17.596482607103624,6.3314803564322375,64.01848882073598%
32,G3SG1,Azure Zebra,12.8222074508667,0.7323321177389935,12.089875333127706,1750.8732909945365%
24,M4A4,Faded Zebra,9.7488431930542,7.002569661695171,2.7462735313590283,139.21808227601716%
18,MP7,Prey,7.593387126922607,0.3718758865248225,7.221511240397785,2041.9143596221727%